seed,job_id,work_units
0,1,18000
0,2,18000
0,3,13000
0,4,10000
0,5,14000
0,6,14000
0,7,18000
0,8,16000
0,9,19000
0,10,18000
0,11,18000
0,12,16000
0,13,15000
0,14,17000
0,15,14000
0,16,17000
0,17,11000
0,18,11000
0,19,13000
0,20,14000
0,21,19000
0,22,19000
0,23,11000
0,24,17000
0,25,13000
0,26,16000
0,27,16000
0,28,20000
0,29,14000
0,30,16000
0,31,16000
0,32,17000
0,33,16000
0,34,16000
0,35,19000
0,36,15000
0,37,14000
0,38,14000
0,39,13000
0,40,16000
0,41,19000
0,42,15000
0,43,15000
0,44,19000
0,45,12000
0,46,18000
0,47,18000
0,48,13000
0,49,11000
0,50,11000
0,51,17000
0,52,14000
0,53,13000
0,54,16000
0,55,16000
0,56,19000
0,57,17000
0,58,16000
0,59,13000
0,60,15000
0,61,15000
0,62,13000
0,63,14000
0,64,17000
0,65,13000
0,66,18000
0,67,10000
0,68,15000
0,69,19000
0,70,12000
0,71,10000
0,72,12000
0,73,14000
0,74,13000
0,75,18000
0,76,10000
0,77,11000
0,78,18000
0,79,11000
0,80,20000
0,81,14000
0,82,13000
0,83,12000
0,84,19000
0,85,13000
0,86,13000
0,87,11000
0,88,18000
0,89,16000
0,90,17000
0,91,10000
0,92,20000
0,93,16000
0,94,17000
0,95,15000
0,96,12000
0,97,15000
0,98,19000
0,99,10000
0,100,14000
0,101,19000
0,102,15000
0,103,17000
0,104,16000
0,105,17000
0,106,14000
0,107,11000
0,108,18000
0,109,16000
0,110,15000
0,111,13000
0,112,19000
0,113,14000
0,114,18000
0,115,18000
0,116,19000
0,117,17000
0,118,17000
0,119,12000
0,120,18000
0,121,16000
0,122,11000
0,123,14000
0,124,11000
0,125,11000
0,126,10000
0,127,10000
0,128,17000
0,129,10000
0,130,12000
0,131,10000
0,132,9000
0,133,20000
0,134,11000
0,135,15000
0,136,16000
0,137,14000
0,138,14000
0,139,14000
0,140,14000
0,141,11000
0,142,19000
0,143,17000
0,144,17000
0,145,12000
0,146,14000
0,147,13000
0,148,19000
0,149,15000
0,150,18000
0,151,13000
0,152,12000
0,153,19000
0,154,19000
0,155,15000
0,156,18000
0,157,16000
0,158,14000
0,159,18000
0,160,10000
0,161,15000
0,162,14000
0,163,15000
0,164,18000
0,165,18000
0,166,10000
0,167,11000
0,168,16000
0,169,10000
0,170,19000
0,171,17000
0,172,17000
0,173,14000
0,174,14000
0,175,11000
0,176,17000
0,177,11000
0,178,16000
0,179,13000
0,180,11000
0,181,15000
0,182,19000
0,183,18000
0,184,10000
0,185,14000
0,186,17000
0,187,17000
0,188,9000
0,189,12000
0,190,19000
0,191,10000
0,192,18000
0,193,20000
0,194,10000
0,195,19000
0,196,14000
0,197,17000
0,198,11000
0,199,13000
0,200,18000
0,201,16000
0,202,10000
0,203,10000
0,204,12000
0,205,15000
0,206,16000
0,207,10000
0,208,17000
0,209,14000
0,210,12000
0,211,10000
0,212,18000
0,213,16000
0,214,13000
0,215,10000
0,216,13000
0,217,19000
0,218,14000
0,219,18000
0,220,14000
0,221,13000
0,222,17000
0,223,19000
0,224,13000
0,225,19000
0,226,12000
0,227,14000
0,228,13000
0,229,19000
0,230,16000
0,231,13000
0,232,16000
0,233,15000
0,234,19000
0,235,17000
0,236,11000
0,237,15000
0,238,10000
0,239,11000
0,240,17000
0,241,16000
0,242,17000
0,243,10000
0,244,10000
0,245,19000
0,246,12000
0,247,15000
0,248,12000
0,249,10000
0,250,17000
0,251,19000
0,252,16000
0,253,19000
0,254,19000
0,255,19000
0,256,15000
0,257,15000
0,258,19000
0,259,16000
0,260,12000
0,261,18000
0,262,12000
0,263,10000
0,264,13000
0,265,11000
0,266,19000
0,267,19000
0,268,10000
0,269,15000
0,270,13000
0,271,14000
0,272,18000
0,273,16000
0,274,16000
0,275,10000
0,276,15000
0,277,13000
0,278,14000
0,279,15000
0,280,18000
0,281,14000
0,282,16000
0,283,15000
0,284,16000
0,285,10000
0,286,10000
0,287,12000
0,288,19000
0,289,16000
0,290,15000
0,291,13000
0,292,13000
0,293,18000
0,294,15000
0,295,11000
0,296,11000
0,297,15000
0,298,9000
0,299,16000
0,300,19000
0,301,12000
0,302,19000
0,303,13000
0,304,19000
0,305,19000
0,306,14000
0,307,13000
0,308,16000
0,309,13000
0,310,20000
0,311,19000
0,312,12000
0,313,19000
0,314,12000
0,315,17000
0,316,11000
0,317,18000
0,318,14000
0,319,15000
0,320,19000
0,321,15000
0,322,17000
0,323,17000
0,324,19000
0,325,10000
0,326,13000
0,327,20000
0,328,12000
0,329,14000
0,330,19000
0,331,10000
0,332,14000
0,333,10000
0,334,18000
0,335,13000
0,336,13000
0,337,16000
0,338,16000
0,339,13000
0,340,17000
0,341,17000
0,342,13000
0,343,10000
0,344,10000
0,345,16000
0,346,9000
0,347,19000
0,348,20000
0,349,18000
0,350,17000
0,351,12000
0,352,12000
0,353,10000
0,354,15000
0,355,13000
0,356,19000
0,357,19000
0,358,17000
0,359,12000
0,360,14000
0,361,11000
0,362,10000
0,363,16000
0,364,19000
0,365,14000
0,366,12000
0,367,11000
0,368,15000
0,369,18000
0,370,12000
0,371,17000
0,372,15000
0,373,16000
0,374,16000
0,375,18000
0,376,14000
0,377,19000
0,378,10000
0,379,10000
0,380,15000
0,381,13000
0,382,15000
0,383,19000
0,384,19000
0,385,16000
0,386,15000
0,387,17000
0,388,14000
0,389,11000
0,390,14000
0,391,12000
0,392,17000
0,393,17000
0,394,10000
0,395,18000
0,396,12000
0,397,17000
0,398,9000
0,399,16000
0,400,10000
0,401,19000
0,402,17000
0,403,15000
0,404,16000
0,405,13000
0,406,14000
0,407,12000
0,408,13000
0,409,13000
0,410,16000
0,411,11000
0,412,12000
0,413,10000
0,414,17000
0,415,13000
0,416,16000
0,417,15000
0,418,10000
0,419,15000
0,420,10000
0,421,18000
0,422,15000
0,423,19000
0,424,14000
0,425,13000
0,426,18000
0,427,16000
0,428,19000
0,429,15000
0,430,16000
0,431,16000
0,432,10000
0,433,15000
0,434,11000
0,435,17000
0,436,17000
0,437,18000
0,438,18000
0,439,12000
0,440,10000
0,441,15000
0,442,12000
0,443,16000
0,444,18000
0,445,13000
0,446,13000
0,447,11000
0,448,14000
0,449,17000
0,450,19000
0,451,14000
0,452,15000
0,453,17000
0,454,16000
0,455,11000
0,456,14000
0,457,13000
0,458,15000
0,459,20000
0,460,19000
0,461,15000
0,462,10000
0,463,17000
0,464,19000
0,465,12000
0,466,13000
0,467,15000
0,468,12000
0,469,20000
0,470,15000
0,471,13000
0,472,17000
0,473,15000
0,474,13000
0,475,17000
0,476,19000
0,477,17000
0,478,11000
0,479,17000
0,480,14000
0,481,17000
0,482,18000
0,483,19000
0,484,10000
0,485,19000
0,486,19000
0,487,13000
0,488,14000
0,489,18000
0,490,15000
0,491,11000
0,492,15000
0,493,13000
0,494,14000
0,495,14000
0,496,10000
0,497,17000
0,498,11000
0,499,14000
0,500,19000
0,501,13000
0,502,15000
0,503,11000
0,504,12000
0,505,12000
0,506,18000
0,507,10000
0,508,10000
0,509,17000
0,510,14000
0,511,18000
0,512,11000
0,513,16000
0,514,12000
0,515,13000
0,516,10000
0,517,12000
0,518,12000
0,519,14000
0,520,10000
0,521,14000
0,522,12000
0,523,11000
0,524,13000
0,525,10000
0,526,19000
0,527,16000
0,528,11000
0,529,11000
0,530,10000
0,531,16000
0,532,15000
0,533,10000
0,534,16000
0,535,10000
0,536,10000
0,537,19000
0,538,13000
0,539,15000
0,540,11000
0,541,14000
0,542,20000
0,543,18000
0,544,19000
0,545,11000
0,546,19000
0,547,10000
0,548,15000
0,549,19000
0,550,13000
0,551,18000
0,552,18000
0,553,18000
0,554,15000
0,555,14000
0,556,11000
0,557,16000
0,558,10000
0,559,13000
0,560,12000
0,561,16000
0,562,11000
0,563,13000
0,564,12000
0,565,17000
0,566,14000
0,567,19000
0,568,12000
0,569,14000
0,570,10000
0,571,17000
0,572,13000
0,573,11000
0,574,12000
0,575,17000
0,576,11000
0,577,13000
0,578,17000
0,579,19000
0,580,10000
0,581,11000
0,582,13000
0,583,10000
0,584,18000
0,585,12000
0,586,11000
0,587,17000
0,588,19000
0,589,15000
0,590,17000
0,591,18000
0,592,17000
0,593,18000
0,594,18000
0,595,13000
0,596,16000
0,597,9000
0,598,16000
0,599,17000
0,600,12000
0,601,13000
0,602,16000
0,603,14000
0,604,17000
0,605,13000
0,606,19000
0,607,10000
0,608,10000
0,609,19000
0,610,19000
0,611,9000
0,612,13000
0,613,12000
0,614,10000
0,615,10000
0,616,12000
0,617,17000
0,618,10000
0,619,15000
0,620,16000
0,621,16000
0,622,11000
0,623,12000
0,624,12000
0,625,10000
0,626,14000
0,627,17000
0,628,18000
0,629,17000
0,630,11000
0,631,20000
0,632,20000
0,633,19000
0,634,12000
0,635,19000
0,636,16000
0,637,12000
0,638,16000
0,639,14000
0,640,12000
0,641,12000
0,642,15000
0,643,11000
0,644,13000
0,645,14000
0,646,13000
0,647,18000
0,648,9000
0,649,18000
0,650,12000
0,651,19000
0,652,17000
0,653,15000
0,654,16000
0,655,10000
0,656,16000
0,657,12000
0,658,11000
0,659,18000
0,660,15000
0,661,10000
0,662,18000
0,663,14000
0,664,15000
0,665,13000
0,666,11000
0,667,15000
0,668,12000
0,669,14000
0,670,15000
0,671,10000
0,672,14000
0,673,16000
0,674,16000
0,675,9000
0,676,16000
0,677,13000
0,678,14000
0,679,10000
0,680,18000
0,681,19000
0,682,15000
0,683,18000
0,684,18000
0,685,15000
0,686,14000
0,687,17000
0,688,19000
0,689,14000
0,690,11000
0,691,14000
0,692,15000
0,693,17000
0,694,15000
0,695,15000
0,696,18000
0,697,19000
0,698,17000
0,699,11000
0,700,13000
0,701,18000
0,702,18000
0,703,15000
0,704,13000
0,705,11000
0,706,12000
0,707,17000
0,708,18000
0,709,10000
0,710,19000
0,711,10000
0,712,10000
0,713,17000
0,714,10000
0,715,15000
0,716,16000
0,717,19000
0,718,15000
0,719,12000
0,720,19000
0,721,17000
0,722,12000
0,723,15000
0,724,17000
0,725,15000
0,726,13000
0,727,15000
0,728,18000
0,729,12000
0,730,12000
0,731,9000
0,732,18000
0,733,16000
0,734,17000
0,735,16000
0,736,15000
0,737,10000
0,738,11000
0,739,14000
0,740,11000
0,741,14000
0,742,14000
0,743,16000
0,744,19000
0,745,16000
0,746,19000
0,747,17000
0,748,17000
0,749,19000
0,750,17000
0,751,11000
0,752,19000
0,753,10000
0,754,18000
0,755,19000
0,756,15000
0,757,9000
0,758,12000
0,759,11000
0,760,17000
0,761,10000
0,762,11000
0,763,19000
0,764,17000
0,765,14000
0,766,19000
0,767,17000
0,768,18000
0,769,19000
0,770,12000
0,771,16000
0,772,10000
0,773,14000
0,774,10000
0,775,11000
0,776,13000
0,777,14000
0,778,17000
0,779,16000
0,780,11000
0,781,14000
0,782,14000
0,783,14000
0,784,19000
0,785,17000
0,786,13000
0,787,12000
0,788,18000
0,789,17000
0,790,13000
0,791,13000
0,792,12000
0,793,10000
0,794,12000
0,795,14000
0,796,11000
0,797,15000
0,798,12000
0,799,10000
0,800,10000
0,801,11000
0,802,19000
0,803,15000
0,804,10000
0,805,17000
0,806,11000
0,807,13000
0,808,10000
0,809,9000
0,810,17000
0,811,18000
0,812,17000
0,813,17000
0,814,15000
0,815,13000
0,816,19000
0,817,10000
0,818,15000
0,819,19000
0,820,19000
0,821,15000
0,822,14000
0,823,19000
0,824,18000
0,825,14000
0,826,16000
0,827,10000
0,828,19000
0,829,12000
0,830,19000
0,831,16000
0,832,10000
0,833,17000
0,834,11000
0,835,16000
0,836,16000
0,837,20000
0,838,14000
0,839,15000
0,840,13000
0,841,11000
0,842,9000
0,843,12000
0,844,19000
0,845,14000
0,846,10000
0,847,13000
0,848,12000
0,849,10000
0,850,15000
0,851,15000
0,852,12000
0,853,18000
0,854,13000
0,855,18000
0,856,16000
0,857,11000
0,858,18000
0,859,16000
0,860,11000
0,861,15000
0,862,9000
0,863,19000
0,864,10000
0,865,11000
0,866,14000
0,867,14000
0,868,15000
0,869,15000
0,870,19000
0,871,9000
0,872,12000
0,873,10000
0,874,15000
0,875,11000
0,876,15000
0,877,9000
0,878,13000
0,879,14000
0,880,15000
0,881,11000
0,882,12000
0,883,12000
0,884,19000
0,885,17000
0,886,13000
0,887,12000
0,888,13000
0,889,15000
0,890,18000
0,891,19000
0,892,20000
0,893,17000
0,894,18000
0,895,17000
0,896,18000
0,897,14000
0,898,18000
0,899,9000
0,900,12000
0,901,14000
0,902,15000
0,903,15000
0,904,15000
0,905,16000
0,906,19000
0,907,19000
0,908,19000
0,909,14000
0,910,12000
0,911,14000
0,912,18000
0,913,12000
0,914,10000
0,915,18000
0,916,12000
0,917,19000
0,918,16000
0,919,13000
0,920,15000
0,921,18000
0,922,11000
0,923,15000
0,924,11000
0,925,19000
0,926,15000
0,927,16000
0,928,17000
0,929,10000
0,930,17000
0,931,13000
0,932,11000
0,933,12000
0,934,18000
0,935,15000
0,936,14000
0,937,13000
0,938,13000
0,939,19000
0,940,18000
0,941,19000
0,942,18000
0,943,10000
0,944,13000
0,945,13000
0,946,9000
0,947,11000
0,948,10000
0,949,17000
0,950,17000
0,951,12000
0,952,10000
0,953,12000
0,954,10000
0,955,18000
0,956,17000
0,957,19000
0,958,15000
0,959,12000
0,960,13000
0,961,17000
0,962,17000
0,963,16000
0,964,15000
0,965,16000
0,966,10000
0,967,14000
0,968,13000
0,969,19000
0,970,19000
0,971,14000
0,972,11000
0,973,11000
0,974,18000
0,975,13000
0,976,14000
0,977,18000
0,978,15000
0,979,15000
0,980,15000
0,981,18000
0,982,17000
0,983,18000
0,984,18000
0,985,17000
0,986,17000
0,987,11000
0,988,12000
0,989,10000
0,990,12000
0,991,10000
0,992,14000
0,993,16000
0,994,15000
0,995,11000
0,996,11000
0,997,10000
0,998,11000
0,999,10000
0,1000,15000
0,1001,19000
0,1002,19000
0,1003,12000
0,1004,11000
0,1005,13000
0,1006,13000
0,1007,14000
0,1008,19000
0,1009,11000
0,1010,20000
0,1011,11000
0,1012,12000
0,1013,13000
0,1014,16000
0,1015,14000
0,1016,15000
0,1017,14000
0,1018,18000
0,1019,10000
0,1020,15000
0,1021,18000
0,1022,12000
0,1023,16000
0,1024,15000
0,1025,17000
0,1026,14000
0,1027,20000
0,1028,17000
0,1029,14000
0,1030,13000
0,1031,11000
0,1032,10000
0,1033,13000
0,1034,12000
0,1035,10000
0,1036,17000
0,1037,18000
0,1038,11000
0,1039,9000
0,1040,13000
0,1041,18000
0,1042,13000
0,1043,18000
0,1044,18000
0,1045,16000
0,1046,12000
0,1047,14000
0,1048,12000
0,1049,18000
0,1050,19000
0,1051,19000
0,1052,15000
0,1053,17000
0,1054,14000
0,1055,13000
0,1056,15000
0,1057,16000
0,1058,12000
0,1059,11000
0,1060,17000
0,1061,13000
0,1062,12000
0,1063,20000
0,1064,14000
0,1065,15000
0,1066,15000
0,1067,20000
0,1068,11000
0,1069,18000
0,1070,19000
0,1071,13000
0,1072,12000
0,1073,16000
0,1074,13000
0,1075,13000
0,1076,14000
0,1077,19000
0,1078,19000
0,1079,12000
0,1080,11000
0,1081,16000
0,1082,15000
0,1083,16000
0,1084,11000
0,1085,11000
0,1086,11000
0,1087,18000
0,1088,19000
0,1089,14000
0,1090,12000
0,1091,13000
0,1092,10000
0,1093,11000
0,1094,18000
0,1095,18000
0,1096,13000
0,1097,10000
0,1098,11000
0,1099,15000
0,1100,17000
0,1101,15000
0,1102,16000
0,1103,14000
0,1104,12000
0,1105,14000
0,1106,16000
0,1107,15000
0,1108,12000
0,1109,12000
0,1110,14000
0,1111,16000
0,1112,11000
0,1113,13000
0,1114,19000
0,1115,20000
0,1116,10000
0,1117,18000
0,1118,13000
0,1119,18000
0,1120,18000
0,1121,14000
0,1122,19000
0,1123,16000
0,1124,13000
0,1125,16000
0,1126,17000
0,1127,15000
0,1128,12000
0,1129,13000
0,1130,17000
0,1131,19000
0,1132,18000
0,1133,17000
0,1134,18000
0,1135,11000
0,1136,15000
0,1137,12000
0,1138,19000
0,1139,16000
0,1140,17000
0,1141,13000
0,1142,18000
0,1143,19000
0,1144,13000
0,1145,19000
0,1146,16000
0,1147,12000
0,1148,10000
0,1149,14000
0,1150,13000
0,1151,12000
0,1152,12000
0,1153,15000
0,1154,17000
0,1155,19000
0,1156,17000
0,1157,10000
0,1158,17000
0,1159,10000
0,1160,14000
0,1161,16000
0,1162,14000
0,1163,11000
0,1164,16000
0,1165,12000
0,1166,19000
0,1167,12000
0,1168,18000
0,1169,11000
0,1170,12000
0,1171,19000
0,1172,18000
0,1173,13000
0,1174,16000
0,1175,19000
0,1176,17000
0,1177,14000
0,1178,16000
0,1179,14000
0,1180,17000
0,1181,19000
0,1182,18000
0,1183,13000
0,1184,17000
0,1185,14000
0,1186,12000
0,1187,12000
0,1188,11000
0,1189,9000
0,1190,12000
0,1191,19000
0,1192,16000
0,1193,13000
0,1194,15000
0,1195,12000
0,1196,13000
0,1197,15000
0,1198,12000
0,1199,13000
0,1200,19000
0,1201,9000
0,1202,14000
0,1203,11000
0,1204,14000
0,1205,13000
0,1206,18000
0,1207,15000
0,1208,10000
0,1209,17000
0,1210,10000
0,1211,13000
0,1212,14000
0,1213,12000
0,1214,18000
0,1215,12000
0,1216,15000
0,1217,11000
0,1218,17000
0,1219,19000
0,1220,19000
0,1221,13000
0,1222,19000
0,1223,16000
0,1224,17000
0,1225,17000
0,1226,18000
0,1227,15000
0,1228,10000
0,1229,11000
0,1230,19000
0,1231,13000
0,1232,9000
0,1233,11000
0,1234,15000
0,1235,17000
0,1236,11000
0,1237,13000
0,1238,10000
0,1239,10000
0,1240,11000
0,1241,15000
0,1242,14000
0,1243,12000
0,1244,15000
0,1245,19000
0,1246,18000
0,1247,19000
0,1248,13000
0,1249,13000
0,1250,12000
0,1251,14000
0,1252,16000
0,1253,13000
0,1254,15000
0,1255,15000
0,1256,18000
0,1257,16000
0,1258,10000
0,1259,19000
0,1260,12000
0,1261,19000
0,1262,12000
0,1263,11000
0,1264,18000
0,1265,16000
0,1266,16000
0,1267,17000
0,1268,17000
0,1269,15000
0,1270,15000
0,1271,11000
0,1272,16000
0,1273,12000
0,1274,14000
0,1275,17000
0,1276,16000
0,1277,14000
0,1278,15000
0,1279,19000
0,1280,11000
0,1281,18000
0,1282,9000
0,1283,19000
0,1284,12000
0,1285,12000
0,1286,12000
0,1287,14000
0,1288,20000
0,1289,13000
0,1290,12000
0,1291,14000
0,1292,13000
0,1293,19000
0,1294,18000
0,1295,12000
0,1296,12000
0,1297,13000
0,1298,17000
0,1299,10000
0,1300,12000
0,1301,17000
0,1302,16000
0,1303,16000
0,1304,15000
0,1305,11000
0,1306,12000
0,1307,11000
0,1308,14000
0,1309,19000
0,1310,12000
0,1311,18000
0,1312,11000
0,1313,10000
0,1314,9000
0,1315,13000
0,1316,15000
0,1317,20000
0,1318,14000
0,1319,10000
0,1320,15000
0,1321,19000
0,1322,10000
0,1323,15000
0,1324,10000
0,1325,19000
0,1326,18000
0,1327,19000
0,1328,17000
0,1329,14000
0,1330,16000
0,1331,13000
0,1332,14000
0,1333,11000
0,1334,18000
0,1335,14000
0,1336,17000
0,1337,15000
0,1338,13000
0,1339,19000
0,1340,16000
0,1341,14000
0,1342,13000
0,1343,11000
0,1344,18000
0,1345,12000
0,1346,19000
0,1347,16000
0,1348,19000
0,1349,11000
0,1350,16000
0,1351,15000
0,1352,11000
0,1353,12000
0,1354,18000
0,1355,19000
0,1356,15000
0,1357,10000
0,1358,13000
0,1359,15000
0,1360,20000
0,1361,15000
0,1362,11000
0,1363,12000
0,1364,16000
0,1365,11000
0,1366,16000
0,1367,19000
0,1368,11000
0,1369,11000
0,1370,17000
0,1371,10000
0,1372,11000
0,1373,11000
0,1374,20000
0,1375,16000
0,1376,16000
0,1377,18000
0,1378,11000
0,1379,19000
0,1380,10000
0,1381,16000
0,1382,19000
0,1383,12000
0,1384,13000
0,1385,16000
0,1386,11000
0,1387,10000
0,1388,17000
0,1389,12000
0,1390,18000
0,1391,14000
0,1392,18000
0,1393,12000
0,1394,17000
0,1395,14000
0,1396,10000
0,1397,16000
0,1398,20000
0,1399,16000
0,1400,9000
0,1401,14000
0,1402,17000
0,1403,18000
0,1404,19000
0,1405,19000
0,1406,12000
0,1407,17000
0,1408,18000
0,1409,12000
0,1410,19000
0,1411,15000
0,1412,18000
0,1413,17000
0,1414,10000
0,1415,18000
0,1416,17000
0,1417,15000
0,1418,13000
0,1419,13000
0,1420,15000
0,1421,12000
0,1422,18000
0,1423,17000
0,1424,14000
0,1425,15000
0,1426,20000
0,1427,11000
0,1428,10000
0,1429,17000
0,1430,17000
0,1431,15000
0,1432,16000
0,1433,12000
0,1434,11000
0,1435,10000
0,1436,12000
0,1437,15000
0,1438,9000
0,1439,12000
0,1440,11000
0,1441,10000
0,1442,12000
0,1443,11000
0,1444,17000
0,1445,17000
0,1446,10000
0,1447,19000
0,1448,18000
0,1449,19000
0,1450,19000
0,1451,17000
0,1452,17000
0,1453,13000
0,1454,17000
0,1455,12000
0,1456,12000
0,1457,20000
0,1458,15000
0,1459,18000
0,1460,11000
0,1461,11000
0,1462,13000
0,1463,17000
0,1464,18000
0,1465,16000
0,1466,15000
0,1467,15000
0,1468,19000
0,1469,19000
0,1470,13000
0,1471,18000
0,1472,11000
0,1473,20000
0,1474,16000
0,1475,16000
0,1476,18000
0,1477,19000
0,1478,12000
0,1479,13000
0,1480,10000
0,1481,14000
0,1482,19000
0,1483,10000
0,1484,11000
0,1485,13000
0,1486,9000
0,1487,16000
0,1488,18000
0,1489,16000
0,1490,17000
0,1491,17000
0,1492,9000
0,1493,17000
0,1494,17000
0,1495,13000
0,1496,19000
0,1497,9000
0,1498,11000
0,1499,18000
0,1500,12000
0,1501,10000
0,1502,14000
0,1503,15000
0,1504,10000
0,1505,10000
0,1506,13000
0,1507,13000
0,1508,18000
0,1509,11000
0,1510,11000
0,1511,16000
0,1512,19000
0,1513,16000
0,1514,14000
0,1515,10000
0,1516,17000
0,1517,18000
0,1518,16000
0,1519,15000
0,1520,16000
0,1521,14000
0,1522,20000
0,1523,12000
0,1524,12000
0,1525,12000
0,1526,18000
0,1527,19000
0,1528,17000
0,1529,18000
0,1530,13000
0,1531,20000
0,1532,13000
0,1533,12000
0,1534,9000
0,1535,16000
0,1536,14000
0,1537,19000
0,1538,18000
0,1539,18000
0,1540,15000
0,1541,18000
0,1542,12000
0,1543,13000
0,1544,15000
0,1545,10000
0,1546,13000
0,1547,16000
0,1548,11000
0,1549,14000
0,1550,19000
0,1551,14000
0,1552,13000
0,1553,10000
0,1554,10000
0,1555,16000
0,1556,12000
0,1557,15000
0,1558,13000
0,1559,11000
0,1560,13000
0,1561,11000
0,1562,18000
0,1563,19000
0,1564,19000
0,1565,13000
0,1566,13000
0,1567,13000
0,1568,18000
0,1569,10000
0,1570,11000
0,1571,19000
0,1572,15000
0,1573,11000
0,1574,10000
0,1575,18000
0,1576,20000
0,1577,19000
0,1578,13000
0,1579,18000
0,1580,14000
0,1581,17000
0,1582,10000
0,1583,13000
0,1584,13000
0,1585,20000
0,1586,13000
0,1587,11000
0,1588,15000
0,1589,14000
0,1590,12000
0,1591,9000
0,1592,20000
0,1593,14000
0,1594,15000
0,1595,13000
0,1596,15000
0,1597,18000
0,1598,14000
0,1599,12000
0,1600,12000
0,1601,17000
0,1602,18000
0,1603,14000
0,1604,16000
0,1605,17000
0,1606,11000
0,1607,11000
0,1608,11000
0,1609,11000
0,1610,9000
0,1611,17000
0,1612,15000
0,1613,18000
0,1614,11000
0,1615,16000
0,1616,16000
0,1617,19000
0,1618,17000
0,1619,13000
0,1620,12000
0,1621,11000
0,1622,19000
0,1623,16000
0,1624,12000
0,1625,16000
0,1626,18000
0,1627,15000
0,1628,11000
0,1629,17000
0,1630,10000
0,1631,11000
0,1632,10000
0,1633,17000
0,1634,17000
0,1635,15000
0,1636,15000
0,1637,9000
0,1638,16000
0,1639,19000
0,1640,14000
0,1641,16000
0,1642,13000
0,1643,12000
0,1644,19000
0,1645,13000
0,1646,15000
0,1647,19000
0,1648,13000
0,1649,19000
0,1650,12000
0,1651,17000
0,1652,15000
0,1653,11000
0,1654,10000
0,1655,13000
0,1656,18000
0,1657,10000
0,1658,15000
0,1659,15000
0,1660,11000
0,1661,10000
0,1662,10000
0,1663,15000
0,1664,10000
0,1665,13000
0,1666,17000
0,1667,17000
0,1668,10000
0,1669,12000
0,1670,11000
0,1671,18000
0,1672,17000
0,1673,9000
0,1674,15000
0,1675,16000
0,1676,12000
0,1677,16000
0,1678,19000
0,1679,11000
0,1680,13000
0,1681,9000
0,1682,17000
0,1683,17000
0,1684,19000
0,1685,10000
0,1686,13000
0,1687,11000
0,1688,13000
0,1689,11000
0,1690,20000
0,1691,11000
0,1692,16000
0,1693,12000
0,1694,18000
0,1695,14000
0,1696,14000
0,1697,16000
0,1698,14000
0,1699,13000
0,1700,17000
0,1701,14000
0,1702,15000
0,1703,18000
0,1704,19000
0,1705,10000
0,1706,11000
0,1707,15000
0,1708,11000
0,1709,10000
0,1710,13000
0,1711,17000
0,1712,10000
0,1713,13000
0,1714,18000
0,1715,11000
0,1716,18000
0,1717,13000
0,1718,17000
0,1719,14000
0,1720,12000
0,1721,16000
0,1722,17000
0,1723,10000
0,1724,18000
0,1725,15000
0,1726,19000
0,1727,11000
0,1728,19000
0,1729,13000
0,1730,16000
0,1731,14000
0,1732,13000
0,1733,11000
0,1734,17000
0,1735,15000
0,1736,11000
0,1737,17000
0,1738,19000
0,1739,13000
0,1740,19000
0,1741,16000
0,1742,16000
0,1743,17000
0,1744,20000
0,1745,16000
0,1746,9000
0,1747,15000
0,1748,13000
0,1749,15000
0,1750,16000
0,1751,19000
0,1752,14000
0,1753,10000
0,1754,12000
0,1755,16000
0,1756,18000
0,1757,11000
0,1758,11000
0,1759,11000
0,1760,16000
0,1761,13000
0,1762,12000
0,1763,11000
0,1764,12000
0,1765,14000
0,1766,12000
0,1767,18000
0,1768,17000
0,1769,14000
0,1770,18000
0,1771,11000
0,1772,12000
0,1773,11000
0,1774,11000
0,1775,15000
0,1776,18000
0,1777,17000
0,1778,10000
0,1779,15000
0,1780,16000
0,1781,14000
0,1782,10000
0,1783,19000
0,1784,14000
0,1785,17000
0,1786,14000
0,1787,9000
0,1788,19000
0,1789,14000
0,1790,17000
0,1791,17000
0,1792,19000
0,1793,10000
0,1794,10000
0,1795,16000
0,1796,19000
0,1797,13000
0,1798,18000
0,1799,15000
0,1800,16000
0,1801,16000
0,1802,20000
0,1803,14000
0,1804,12000
0,1805,16000
0,1806,18000
0,1807,12000
0,1808,11000
0,1809,17000
0,1810,17000
0,1811,18000
0,1812,17000
0,1813,18000
0,1814,17000
0,1815,10000
0,1816,19000
0,1817,18000
0,1818,16000
0,1819,15000
0,1820,16000
0,1821,17000
0,1822,11000
0,1823,18000
0,1824,10000
0,1825,18000
0,1826,19000
0,1827,12000
0,1828,15000
0,1829,16000
0,1830,16000
0,1831,12000
0,1832,19000
0,1833,17000
0,1834,15000
0,1835,13000
0,1836,19000
0,1837,18000
0,1838,11000
0,1839,15000
0,1840,13000
0,1841,14000
0,1842,16000
0,1843,10000
0,1844,14000
0,1845,13000
0,1846,12000
0,1847,14000
0,1848,13000
0,1849,14000
0,1850,13000
0,1851,16000
0,1852,19000
0,1853,18000
0,1854,18000
0,1855,10000
0,1856,15000
0,1857,10000
0,1858,18000
0,1859,17000
0,1860,13000
0,1861,16000
0,1862,15000
0,1863,16000
0,1864,11000
0,1865,20000
0,1866,14000
0,1867,14000
0,1868,12000
0,1869,10000
0,1870,17000
0,1871,13000
0,1872,20000
0,1873,15000
0,1874,10000
0,1875,10000
0,1876,10000
0,1877,12000
0,1878,15000
0,1879,13000
0,1880,14000
0,1881,19000
0,1882,18000
0,1883,16000
0,1884,11000
0,1885,18000
0,1886,12000
0,1887,18000
0,1888,15000
0,1889,18000
0,1890,16000
0,1891,20000
0,1892,15000
0,1893,12000
0,1894,10000
0,1895,16000
0,1896,18000
0,1897,18000
0,1898,13000
0,1899,17000
0,1900,18000
0,1901,10000
0,1902,9000
0,1903,18000
0,1904,16000
0,1905,11000
0,1906,15000
0,1907,11000
0,1908,15000
0,1909,17000
0,1910,16000
0,1911,15000
0,1912,15000
0,1913,12000
0,1914,12000
0,1915,10000
0,1916,18000
0,1917,18000
0,1918,18000
0,1919,16000
0,1920,14000
0,1921,16000
0,1922,17000
0,1923,18000
0,1924,13000
0,1925,14000
0,1926,12000
0,1927,9000
0,1928,16000
0,1929,15000
0,1930,17000
0,1931,18000
0,1932,16000
0,1933,15000
0,1934,12000
0,1935,12000
0,1936,18000
0,1937,16000
0,1938,16000
0,1939,18000
0,1940,12000
0,1941,10000
0,1942,13000
0,1943,15000
0,1944,11000
0,1945,13000
0,1946,14000
0,1947,18000
0,1948,18000
0,1949,19000
0,1950,17000
0,1951,18000
0,1952,12000
0,1953,19000
0,1954,18000
0,1955,15000
0,1956,12000
0,1957,17000
0,1958,11000
0,1959,18000
0,1960,15000
0,1961,16000
0,1962,12000
0,1963,19000
0,1964,10000
0,1965,10000
0,1966,11000
0,1967,19000
0,1968,13000
0,1969,11000
0,1970,15000
0,1971,14000
0,1972,13000
0,1973,11000
0,1974,14000
0,1975,16000
0,1976,11000
0,1977,18000
0,1978,20000
0,1979,18000
0,1980,17000
0,1981,11000
0,1982,13000
0,1983,15000
0,1984,12000
0,1985,13000
0,1986,15000
0,1987,19000
0,1988,9000
0,1989,19000
0,1990,10000
0,1991,18000
0,1992,18000
0,1993,10000
0,1994,19000
0,1995,13000
0,1996,20000
0,1997,15000
0,1998,14000
0,1999,17000
0,2000,11000
0,2001,16000
0,2002,19000
0,2003,9000
0,2004,15000
0,2005,13000
0,2006,16000
0,2007,18000
0,2008,16000
0,2009,18000
0,2010,12000
0,2011,12000
0,2012,16000
0,2013,18000
0,2014,19000
0,2015,15000
0,2016,18000
0,2017,19000
0,2018,12000
0,2019,11000
0,2020,14000
0,2021,13000
0,2022,15000
0,2023,14000
0,2024,9000
0,2025,15000
0,2026,19000
0,2027,11000
0,2028,13000
0,2029,11000
0,2030,19000
0,2031,18000
0,2032,13000
0,2033,19000
0,2034,11000
0,2035,14000
0,2036,19000
0,2037,11000
0,2038,17000
0,2039,12000
0,2040,18000
0,2041,11000
0,2042,12000
0,2043,17000
0,2044,11000
0,2045,19000
0,2046,14000
0,2047,17000
0,2048,11000
0,2049,12000
0,2050,12000
0,2051,16000
0,2052,19000
0,2053,13000
0,2054,16000
0,2055,12000
0,2056,13000
0,2057,12000
0,2058,12000
0,2059,17000
0,2060,19000
0,2061,19000
0,2062,17000
0,2063,11000
0,2064,17000
0,2065,18000
0,2066,13000
0,2067,14000
0,2068,9000
0,2069,12000
0,2070,10000
0,2071,11000
0,2072,16000
0,2073,12000
0,2074,14000
0,2075,13000
0,2076,10000
0,2077,11000
0,2078,15000
0,2079,16000
0,2080,12000
0,2081,20000
0,2082,12000
0,2083,14000
0,2084,16000
0,2085,19000
0,2086,13000
0,2087,12000
0,2088,18000
0,2089,19000
0,2090,18000
0,2091,15000
0,2092,10000
0,2093,13000
0,2094,19000
0,2095,12000
0,2096,14000
0,2097,13000
0,2098,13000
0,2099,18000
0,2100,12000
0,2101,14000
0,2102,12000
0,2103,10000
0,2104,10000
0,2105,19000
0,2106,12000
0,2107,11000
0,2108,14000
0,2109,15000
0,2110,13000
0,2111,19000
0,2112,16000
0,2113,9000
0,2114,15000
0,2115,17000
0,2116,13000
0,2117,12000
0,2118,19000
0,2119,11000
0,2120,11000
0,2121,13000
0,2122,15000
0,2123,11000
0,2124,17000
0,2125,12000
0,2126,18000
0,2127,16000
0,2128,11000
0,2129,18000
0,2130,15000
0,2131,16000
0,2132,19000
0,2133,10000
0,2134,15000
0,2135,10000
0,2136,14000
0,2137,15000
0,2138,12000
0,2139,12000
0,2140,12000
0,2141,15000
0,2142,9000
0,2143,18000
0,2144,10000
0,2145,16000
0,2146,18000
0,2147,16000
0,2148,12000
0,2149,13000
0,2150,17000
0,2151,16000
0,2152,19000
0,2153,19000
0,2154,10000
0,2155,12000
0,2156,16000
0,2157,18000
0,2158,12000
0,2159,16000
0,2160,11000
0,2161,16000
0,2162,16000
0,2163,16000
0,2164,17000
0,2165,14000
0,2166,20000
0,2167,18000
0,2168,9000
0,2169,16000
0,2170,14000
0,2171,10000
0,2172,15000
0,2173,16000
0,2174,16000
0,2175,13000
0,2176,13000
0,2177,12000
0,2178,17000
0,2179,15000
0,2180,13000
0,2181,16000
0,2182,19000
0,2183,10000
0,2184,13000
0,2185,15000
0,2186,10000
0,2187,10000
0,2188,12000
0,2189,15000
0,2190,14000
0,2191,10000
0,2192,10000
0,2193,18000
0,2194,9000
0,2195,11000
0,2196,19000
0,2197,16000
0,2198,13000
0,2199,18000
0,2200,10000
0,2201,19000
0,2202,12000
0,2203,13000
0,2204,10000
0,2205,15000
0,2206,19000
0,2207,11000
0,2208,10000
0,2209,15000
0,2210,11000
0,2211,17000
0,2212,17000
0,2213,10000
0,2214,15000
0,2215,10000
0,2216,16000
0,2217,11000
0,2218,19000
0,2219,19000
0,2220,16000
0,2221,13000
0,2222,16000
0,2223,10000
0,2224,10000
0,2225,20000
0,2226,16000
0,2227,19000
0,2228,10000
0,2229,11000
0,2230,12000
0,2231,15000
0,2232,13000
0,2233,18000
0,2234,19000
0,2235,10000
0,2236,10000
0,2237,17000
0,2238,11000
0,2239,16000
0,2240,19000
0,2241,18000
0,2242,10000
0,2243,14000
0,2244,13000
0,2245,14000
0,2246,10000
0,2247,15000
0,2248,15000
0,2249,11000
0,2250,19000
0,2251,16000
0,2252,12000
0,2253,17000
0,2254,16000
0,2255,19000
0,2256,15000
0,2257,11000
0,2258,17000
0,2259,19000
0,2260,18000
0,2261,18000
0,2262,20000
0,2263,12000
0,2264,15000
0,2265,11000
0,2266,11000
0,2267,13000
0,2268,17000
0,2269,16000
0,2270,13000
0,2271,9000
0,2272,9000
0,2273,16000
0,2274,15000
0,2275,16000
0,2276,12000
0,2277,15000
0,2278,19000
0,2279,17000
0,2280,14000
0,2281,15000
0,2282,18000
0,2283,12000
0,2284,12000
0,2285,15000
0,2286,17000
0,2287,19000
0,2288,17000
0,2289,16000
0,2290,11000
0,2291,12000
0,2292,16000
0,2293,15000
0,2294,10000
0,2295,16000
0,2296,11000
0,2297,11000
0,2298,17000
0,2299,15000
0,2300,17000
0,2301,15000
0,2302,17000
0,2303,10000
0,2304,14000
0,2305,14000
0,2306,17000
0,2307,12000
0,2308,10000
0,2309,15000
0,2310,17000
0,2311,15000
0,2312,18000
0,2313,18000
0,2314,19000
0,2315,11000
0,2316,9000
0,2317,16000
0,2318,10000
0,2319,17000
0,2320,19000
0,2321,12000
0,2322,18000
0,2323,19000
0,2324,9000
0,2325,12000
0,2326,19000
0,2327,14000
0,2328,19000
0,2329,17000
0,2330,15000
0,2331,10000
0,2332,11000
0,2333,19000
0,2334,13000
0,2335,10000
0,2336,18000
0,2337,12000
0,2338,18000
0,2339,15000
0,2340,18000
0,2341,20000
0,2342,13000
0,2343,10000
0,2344,9000
0,2345,19000
0,2346,19000
0,2347,15000
0,2348,18000
0,2349,13000
0,2350,19000
0,2351,14000
0,2352,13000
0,2353,12000
0,2354,18000
0,2355,12000
0,2356,14000
0,2357,13000
0,2358,17000
0,2359,9000
0,2360,12000
0,2361,18000
0,2362,13000
0,2363,10000
0,2364,17000
0,2365,10000
0,2366,13000
0,2367,19000
0,2368,11000
0,2369,15000
0,2370,11000
0,2371,10000
0,2372,18000
0,2373,14000
0,2374,15000
0,2375,13000
0,2376,16000
0,2377,15000
0,2378,16000
0,2379,12000
0,2380,12000
0,2381,13000
0,2382,16000
0,2383,13000
0,2384,11000
0,2385,13000
0,2386,16000
0,2387,12000
0,2388,12000
0,2389,12000
0,2390,19000
0,2391,10000
0,2392,11000
0,2393,16000
0,2394,13000
0,2395,11000
0,2396,12000
0,2397,14000
0,2398,18000
0,2399,13000
0,2400,15000
0,2401,13000
0,2402,17000
0,2403,19000
0,2404,11000
0,2405,11000
0,2406,13000
0,2407,15000
0,2408,15000
0,2409,14000
0,2410,19000
0,2411,16000
0,2412,16000
0,2413,12000
0,2414,19000
0,2415,18000
0,2416,13000
0,2417,17000
0,2418,19000
0,2419,11000
0,2420,11000
0,2421,13000
0,2422,12000
0,2423,15000
0,2424,16000
0,2425,12000
0,2426,14000
0,2427,12000
0,2428,17000
0,2429,19000
0,2430,16000
0,2431,18000
0,2432,11000
0,2433,10000
0,2434,17000
0,2435,18000
0,2436,10000
0,2437,10000
0,2438,15000
0,2439,14000
0,2440,11000
0,2441,10000
0,2442,11000
0,2443,17000
0,2444,15000
0,2445,17000
0,2446,10000
0,2447,12000
0,2448,12000
0,2449,18000
0,2450,14000
0,2451,13000
0,2452,16000
0,2453,11000
0,2454,18000
0,2455,16000
0,2456,20000
0,2457,17000
0,2458,14000
0,2459,11000
0,2460,20000
0,2461,19000
0,2462,10000
0,2463,16000
0,2464,13000
0,2465,20000
0,2466,19000
0,2467,18000
0,2468,15000
0,2469,15000
0,2470,11000
0,2471,11000
0,2472,11000
0,2473,11000
0,2474,9000
0,2475,9000
0,2476,17000
0,2477,13000
0,2478,16000
0,2479,17000
0,2480,17000
0,2481,13000
0,2482,17000
0,2483,12000
0,2484,17000
0,2485,17000
0,2486,16000
0,2487,14000
0,2488,19000
0,2489,12000
0,2490,14000
0,2491,19000
0,2492,10000
0,2493,20000
0,2494,18000
0,2495,17000
0,2496,19000
0,2497,12000
0,2498,18000
0,2499,10000
0,2500,13000
0,2501,11000
0,2502,13000
0,2503,19000
0,2504,9000
0,2505,16000
0,2506,15000
0,2507,18000
0,2508,13000
0,2509,12000
0,2510,19000
0,2511,19000
0,2512,18000
0,2513,10000
0,2514,15000
0,2515,16000
0,2516,16000
0,2517,19000
0,2518,18000
0,2519,12000
0,2520,17000
0,2521,14000
0,2522,19000
0,2523,16000
0,2524,13000
0,2525,17000
0,2526,13000
0,2527,18000
0,2528,10000
0,2529,19000
0,2530,16000
0,2531,19000
0,2532,13000
0,2533,17000
0,2534,19000
0,2535,15000
0,2536,19000
0,2537,19000
0,2538,14000
0,2539,14000
0,2540,18000
0,2541,16000
0,2542,18000
0,2543,11000
0,2544,16000
0,2545,16000
0,2546,11000
0,2547,16000
0,2548,17000
0,2549,11000
0,2550,19000
0,2551,13000
0,2552,10000
0,2553,15000
0,2554,13000
0,2555,14000
0,2556,13000
0,2557,18000
0,2558,17000
0,2559,13000
0,2560,11000
0,2561,14000
0,2562,12000
0,2563,19000
0,2564,10000
0,2565,16000
0,2566,20000
0,2567,14000
0,2568,14000
0,2569,14000
0,2570,17000
0,2571,10000
0,2572,19000
0,2573,11000
0,2574,17000
0,2575,20000
0,2576,19000
0,2577,17000
0,2578,18000
0,2579,17000
0,2580,16000
0,2581,12000
0,2582,11000
0,2583,10000
0,2584,18000
0,2585,18000
0,2586,15000
0,2587,15000
0,2588,16000
0,2589,10000
0,2590,10000
0,2591,16000
0,2592,13000
0,2593,15000
0,2594,18000
0,2595,17000
0,2596,13000
0,2597,18000
0,2598,18000
0,2599,15000
0,2600,17000
0,2601,15000
0,2602,12000
0,2603,10000
0,2604,18000
0,2605,13000
0,2606,12000
0,2607,16000
0,2608,16000
0,2609,18000
0,2610,17000
0,2611,16000
0,2612,18000
0,2613,12000
0,2614,10000
0,2615,17000
0,2616,12000
0,2617,19000
0,2618,13000
0,2619,19000
0,2620,10000
0,2621,9000
0,2622,19000
0,2623,10000
0,2624,10000
0,2625,12000
0,2626,10000
0,2627,9000
0,2628,16000
0,2629,14000
0,2630,13000
0,2631,19000
0,2632,14000
0,2633,16000
0,2634,16000
0,2635,15000
0,2636,16000
0,2637,18000
0,2638,19000
0,2639,12000
0,2640,18000
0,2641,14000
0,2642,11000
0,2643,10000
0,2644,15000
0,2645,18000
0,2646,19000
0,2647,11000
0,2648,14000
0,2649,11000
0,2650,10000
0,2651,17000
0,2652,14000
0,2653,10000
0,2654,10000
0,2655,17000
0,2656,13000
0,2657,11000
0,2658,17000
0,2659,19000
0,2660,18000
0,2661,16000
0,2662,11000
0,2663,13000
0,2664,18000
0,2665,18000
0,2666,10000
0,2667,19000
0,2668,18000
0,2669,19000
0,2670,18000
0,2671,13000
0,2672,18000
0,2673,10000
0,2674,15000
0,2675,14000
0,2676,17000
0,2677,14000
0,2678,16000
0,2679,10000
0,2680,15000
0,2681,17000
0,2682,18000
0,2683,10000
0,2684,16000
0,2685,16000
0,2686,15000
0,2687,19000
0,2688,11000
0,2689,18000
0,2690,18000
0,2691,12000
0,2692,18000
0,2693,18000
0,2694,16000
0,2695,12000
0,2696,14000
0,2697,18000
0,2698,13000
0,2699,11000
0,2700,16000
0,2701,11000
0,2702,15000
0,2703,15000
0,2704,19000
0,2705,18000
0,2706,9000
0,2707,18000
0,2708,17000
0,2709,13000
0,2710,13000
0,2711,18000
0,2712,18000
0,2713,18000
0,2714,12000
0,2715,20000
0,2716,17000
0,2717,16000
0,2718,16000
0,2719,19000
0,2720,15000
0,2721,19000
0,2722,10000
0,2723,13000
0,2724,12000
0,2725,17000
0,2726,10000
0,2727,18000
0,2728,12000
0,2729,20000
0,2730,10000
0,2731,13000
0,2732,19000
0,2733,12000
0,2734,10000
0,2735,9000
0,2736,19000
0,2737,11000
0,2738,18000
0,2739,19000
0,2740,14000
0,2741,15000
0,2742,18000
0,2743,19000
0,2744,14000
0,2745,19000
0,2746,10000
0,2747,11000
0,2748,15000
0,2749,11000
0,2750,9000
0,2751,14000
0,2752,11000
0,2753,17000
0,2754,17000
0,2755,13000
0,2756,19000
0,2757,18000
0,2758,19000
0,2759,12000
0,2760,16000
0,2761,13000
0,2762,18000
0,2763,12000
0,2764,12000
0,2765,16000
0,2766,11000
0,2767,18000
0,2768,13000
0,2769,16000
0,2770,10000
0,2771,19000
0,2772,13000
0,2773,11000
0,2774,12000
0,2775,16000
0,2776,19000
0,2777,10000
0,2778,18000
0,2779,13000
0,2780,12000
0,2781,13000
0,2782,19000
0,2783,14000
0,2784,19000
0,2785,14000
0,2786,13000
0,2787,14000
0,2788,18000
0,2789,17000
0,2790,15000
0,2791,13000
0,2792,12000
0,2793,9000
0,2794,19000
0,2795,19000
0,2796,16000
0,2797,19000
0,2798,13000
0,2799,12000
0,2800,10000
0,2801,17000
0,2802,19000
0,2803,9000
0,2804,20000
0,2805,16000
0,2806,10000
0,2807,10000
0,2808,14000
0,2809,13000
0,2810,20000
0,2811,17000
0,2812,13000
0,2813,13000
0,2814,18000
0,2815,20000
0,2816,17000
0,2817,18000
0,2818,19000
0,2819,17000
0,2820,13000
0,2821,18000
0,2822,16000
0,2823,19000
0,2824,12000
0,2825,20000
0,2826,16000
0,2827,18000
0,2828,14000
0,2829,13000
0,2830,19000
0,2831,10000
0,2832,15000
0,2833,18000
0,2834,19000
0,2835,17000
0,2836,13000
0,2837,11000
0,2838,14000
0,2839,16000
0,2840,10000
0,2841,15000
0,2842,19000
0,2843,17000
0,2844,14000
0,2845,10000
0,2846,17000
0,2847,16000
0,2848,14000
0,2849,18000
0,2850,13000
0,2851,11000
0,2852,17000
0,2853,10000
0,2854,15000
0,2855,16000
0,2856,11000
0,2857,11000
0,2858,19000
0,2859,16000
0,2860,16000
0,2861,12000
0,2862,19000
0,2863,10000
0,2864,16000
0,2865,19000
0,2866,13000
0,2867,11000
0,2868,16000
0,2869,12000
0,2870,11000
0,2871,10000
0,2872,12000
0,2873,20000
0,2874,15000
0,2875,19000
0,2876,14000
0,2877,11000
0,2878,9000
0,2879,13000
0,2880,15000
0,2881,15000
0,2882,18000
0,2883,13000
0,2884,13000
0,2885,14000
0,2886,10000
0,2887,14000
0,2888,10000
0,2889,19000
0,2890,16000
0,2891,19000
0,2892,15000
0,2893,15000
0,2894,17000
0,2895,10000
0,2896,18000
0,2897,18000
0,2898,17000
0,2899,11000
0,2900,16000
0,2901,10000
0,2902,19000
0,2903,19000
0,2904,16000
0,2905,16000
0,2906,10000
0,2907,11000
0,2908,14000
0,2909,17000
0,2910,13000
0,2911,11000
0,2912,12000
0,2913,15000
0,2914,17000
0,2915,12000
0,2916,15000
0,2917,10000
0,2918,14000
0,2919,20000
0,2920,10000
0,2921,17000
0,2922,15000
0,2923,12000
0,2924,19000
0,2925,15000
0,2926,19000
0,2927,16000
0,2928,18000
0,2929,17000
0,2930,19000
0,2931,11000
0,2932,16000
0,2933,13000
0,2934,11000
0,2935,12000
0,2936,16000
0,2937,19000
0,2938,10000
0,2939,14000
0,2940,19000
0,2941,13000
0,2942,19000
0,2943,15000
0,2944,12000
0,2945,17000
0,2946,19000
0,2947,14000
0,2948,11000
0,2949,12000
0,2950,14000
0,2951,18000
0,2952,19000
0,2953,17000
0,2954,15000
0,2955,17000
0,2956,18000
0,2957,18000
0,2958,17000
0,2959,14000
0,2960,12000
0,2961,14000
0,2962,17000
0,2963,12000
0,2964,12000
0,2965,19000
0,2966,16000
0,2967,15000
0,2968,17000
0,2969,12000
0,2970,19000
0,2971,13000
0,2972,17000
0,2973,17000
0,2974,15000
0,2975,20000
0,2976,10000
0,2977,15000
0,2978,17000
0,2979,18000
0,2980,18000
0,2981,16000
0,2982,16000
0,2983,16000
0,2984,18000
0,2985,12000
0,2986,19000
0,2987,12000
0,2988,15000
0,2989,14000
0,2990,16000
0,2991,19000
0,2992,19000
0,2993,17000
0,2994,13000
0,2995,15000
0,2996,10000
0,2997,14000
0,2998,14000
0,2999,14000
0,3000,16000
0,3001,13000
0,3002,19000
0,3003,14000
0,3004,10000
0,3005,11000
0,3006,19000
0,3007,18000
0,3008,19000
0,3009,12000
0,3010,15000
0,3011,14000
0,3012,17000
0,3013,16000
0,3014,18000
0,3015,15000
0,3016,11000
0,3017,16000
0,3018,11000
0,3019,18000
0,3020,13000
0,3021,19000
0,3022,18000
0,3023,15000
0,3024,13000
0,3025,20000
0,3026,11000
0,3027,12000
0,3028,14000
0,3029,15000
0,3030,9000
0,3031,11000
0,3032,18000
0,3033,11000
0,3034,18000
0,3035,13000
0,3036,15000
0,3037,10000
0,3038,14000
0,3039,19000
0,3040,13000
0,3041,10000
0,3042,16000
0,3043,16000
0,3044,11000
0,3045,16000
0,3046,12000
0,3047,12000
0,3048,16000
0,3049,12000
0,3050,16000
0,3051,17000
0,3052,14000
0,3053,15000
0,3054,11000
0,3055,12000
0,3056,19000
0,3057,15000
0,3058,11000
0,3059,17000
0,3060,12000
0,3061,19000
0,3062,12000
0,3063,13000
0,3064,16000
0,3065,19000
0,3066,9000
0,3067,15000
0,3068,16000
0,3069,11000
0,3070,11000
0,3071,15000
0,3072,15000
0,3073,15000
0,3074,18000
0,3075,10000
0,3076,13000
0,3077,17000
0,3078,18000
0,3079,12000
0,3080,14000
0,3081,19000
0,3082,15000
0,3083,14000
0,3084,17000
0,3085,18000
0,3086,11000
0,3087,13000
0,3088,19000
0,3089,19000
0,3090,15000
0,3091,13000
0,3092,12000
0,3093,19000
0,3094,15000
0,3095,11000
0,3096,11000
0,3097,15000
0,3098,18000
0,3099,12000
0,3100,10000
0,3101,10000
0,3102,15000
0,3103,10000
0,3104,14000
0,3105,15000
0,3106,13000
0,3107,10000
0,3108,12000
0,3109,18000
0,3110,10000
0,3111,19000
0,3112,10000
0,3113,15000
0,3114,14000
0,3115,18000
0,3116,16000
0,3117,14000
0,3118,14000
0,3119,11000
0,3120,13000
0,3121,11000
0,3122,18000
0,3123,16000
0,3124,15000
0,3125,17000
0,3126,19000
0,3127,11000
0,3128,13000
0,3129,13000
0,3130,14000
0,3131,19000
0,3132,13000
0,3133,14000
0,3134,16000
0,3135,13000
0,3136,13000
0,3137,13000
0,3138,10000
0,3139,15000
0,3140,14000
0,3141,19000
0,3142,16000
0,3143,15000
0,3144,12000
0,3145,12000
0,3146,12000
0,3147,14000
0,3148,19000
0,3149,11000
0,3150,16000
0,3151,19000
0,3152,12000
0,3153,12000
0,3154,13000
0,3155,16000
0,3156,16000
0,3157,13000
0,3158,18000
0,3159,17000
0,3160,16000
0,3161,14000
0,3162,18000
0,3163,10000
0,3164,15000
0,3165,16000
0,3166,16000
0,3167,15000
0,3168,15000
0,3169,11000
0,3170,20000
0,3171,18000
0,3172,15000
0,3173,11000
0,3174,18000
0,3175,17000
0,3176,12000
0,3177,11000
0,3178,12000
0,3179,19000
0,3180,13000
0,3181,9000
0,3182,15000
0,3183,13000
0,3184,15000
0,3185,16000
0,3186,10000
0,3187,14000
0,3188,11000
0,3189,11000
0,3190,12000
0,3191,10000
0,3192,14000
0,3193,12000
0,3194,15000
0,3195,10000
0,3196,12000
0,3197,15000
0,3198,14000
0,3199,17000
0,3200,13000
0,3201,17000
0,3202,18000
0,3203,17000
0,3204,15000
0,3205,16000
0,3206,15000
0,3207,17000
0,3208,11000
0,3209,11000
0,3210,17000
0,3211,10000
0,3212,15000
0,3213,15000
0,3214,17000
0,3215,10000
0,3216,17000
0,3217,19000
0,3218,12000
0,3219,18000
0,3220,14000
0,3221,11000
0,3222,19000
0,3223,19000
0,3224,10000
0,3225,9000
0,3226,14000
0,3227,20000
0,3228,15000
0,3229,13000
0,3230,15000
0,3231,16000
0,3232,12000
0,3233,14000
0,3234,16000
0,3235,11000
0,3236,13000
0,3237,10000
0,3238,11000
0,3239,19000
0,3240,18000
0,3241,14000
0,3242,19000
0,3243,10000
0,3244,12000
0,3245,10000
0,3246,18000
0,3247,12000
0,3248,19000
0,3249,18000
0,3250,16000
0,3251,14000
0,3252,12000
0,3253,13000
0,3254,16000
0,3255,14000
0,3256,11000
0,3257,11000
0,3258,10000
0,3259,14000
0,3260,11000
0,3261,15000
0,3262,17000
0,3263,11000
0,3264,11000
0,3265,15000
0,3266,19000
0,3267,14000
0,3268,13000
0,3269,13000
0,3270,15000
0,3271,13000
0,3272,12000
0,3273,14000
0,3274,14000
0,3275,14000
0,3276,14000
0,3277,10000
0,3278,13000
0,3279,17000
0,3280,15000
0,3281,19000
0,3282,18000
0,3283,15000
0,3284,10000
0,3285,12000
0,3286,16000
0,3287,14000
0,3288,11000
0,3289,14000
0,3290,10000
0,3291,17000
0,3292,14000
0,3293,13000
0,3294,11000
0,3295,15000
0,3296,12000
0,3297,15000
0,3298,12000
0,3299,17000
0,3300,18000
0,3301,13000
0,3302,16000
0,3303,14000
0,3304,10000
0,3305,14000
0,3306,19000
0,3307,11000
0,3308,12000
0,3309,18000
0,3310,15000
0,3311,19000
0,3312,19000
0,3313,15000
0,3314,11000
0,3315,16000
0,3316,19000
0,3317,16000
0,3318,13000
0,3319,10000
0,3320,17000
0,3321,13000
0,3322,10000
0,3323,10000
0,3324,13000
0,3325,18000
0,3326,15000
0,3327,17000
0,3328,11000
0,3329,14000
0,3330,10000
0,3331,19000
0,3332,11000
0,3333,18000
0,3334,14000
0,3335,18000
0,3336,12000
0,3337,14000
0,3338,19000
0,3339,13000
0,3340,11000
0,3341,9000
0,3342,12000
0,3343,18000
0,3344,17000
0,3345,18000
0,3346,17000
0,3347,15000
0,3348,15000
0,3349,11000
0,3350,12000
0,3351,19000
0,3352,10000
0,3353,14000
0,3354,11000
0,3355,14000
0,3356,10000
0,3357,14000
0,3358,11000
0,3359,9000
0,3360,10000
0,3361,10000
0,3362,15000
0,3363,16000
0,3364,15000
0,3365,15000
0,3366,16000
0,3367,13000
0,3368,10000
0,3369,13000
0,3370,11000
0,3371,17000
0,3372,16000
0,3373,14000
0,3374,13000
0,3375,13000
0,3376,17000
0,3377,14000
0,3378,18000
0,3379,17000
0,3380,17000
0,3381,11000
0,3382,10000
0,3383,20000
0,3384,18000
0,3385,13000
0,3386,15000
0,3387,15000
0,3388,15000
0,3389,17000
0,3390,16000
0,3391,13000
0,3392,11000
0,3393,16000
0,3394,10000
0,3395,15000
0,3396,15000
0,3397,18000
0,3398,14000
0,3399,18000
0,3400,10000
0,3401,18000
0,3402,10000
0,3403,14000
0,3404,16000
0,3405,10000
0,3406,12000
0,3407,18000
0,3408,13000
0,3409,17000
0,3410,10000
0,3411,10000
0,3412,14000
0,3413,13000
0,3414,10000
0,3415,18000
0,3416,16000
0,3417,16000
0,3418,15000
0,3419,19000
0,3420,12000
0,3421,17000
0,3422,18000
0,3423,18000
0,3424,11000
0,3425,11000
0,3426,16000
0,3427,19000
0,3428,12000
0,3429,17000
0,3430,19000
0,3431,15000
0,3432,10000
0,3433,15000
0,3434,17000
0,3435,15000
0,3436,20000
0,3437,11000
0,3438,12000
0,3439,9000
0,3440,18000
0,3441,17000
0,3442,16000
0,3443,14000
0,3444,17000
0,3445,12000
0,3446,10000
0,3447,15000
0,3448,18000
0,3449,19000
0,3450,19000
0,3451,20000
0,3452,16000
0,3453,10000
0,3454,10000
0,3455,12000
0,3456,12000
0,3457,10000
0,3458,10000
0,3459,15000
0,3460,16000
0,3461,15000
0,3462,12000
0,3463,14000
0,3464,10000
0,3465,11000
0,3466,11000
0,3467,13000
0,3468,19000
0,3469,11000
0,3470,16000
0,3471,13000
0,3472,17000
0,3473,17000
0,3474,17000
0,3475,14000
0,3476,9000
0,3477,20000
0,3478,17000
0,3479,19000
0,3480,16000
0,3481,10000
0,3482,12000
0,3483,10000
0,3484,15000
0,3485,17000
0,3486,17000
0,3487,11000
0,3488,12000
0,3489,10000
0,3490,19000
0,3491,16000
0,3492,16000
0,3493,13000
0,3494,11000
0,3495,10000
0,3496,17000
0,3497,14000
0,3498,10000
0,3499,9000
0,3500,19000
0,3501,11000
0,3502,12000
0,3503,13000
0,3504,20000
0,3505,19000
0,3506,15000
0,3507,17000
0,3508,16000
0,3509,17000
0,3510,19000
0,3511,20000
0,3512,18000
0,3513,18000
0,3514,20000
0,3515,19000
0,3516,15000
0,3517,18000
0,3518,13000
0,3519,17000
0,3520,17000
0,3521,18000
0,3522,10000
0,3523,17000
0,3524,18000
0,3525,19000
0,3526,18000
0,3527,13000
0,3528,13000
0,3529,16000
0,3530,13000
0,3531,12000
0,3532,16000
0,3533,12000
0,3534,10000
0,3535,15000
0,3536,17000
0,3537,15000
0,3538,11000
0,3539,17000
0,3540,17000
0,3541,12000
0,3542,13000
0,3543,12000
0,3544,13000
0,3545,15000
0,3546,11000
0,3547,14000
0,3548,10000
0,3549,17000
0,3550,17000
0,3551,12000
0,3552,13000
0,3553,11000
0,3554,17000
0,3555,16000
0,3556,17000
0,3557,13000
0,3558,19000
0,3559,18000
0,3560,18000
0,3561,19000
0,3562,15000
0,3563,12000
0,3564,15000
0,3565,10000
0,3566,11000
0,3567,14000
0,3568,15000
0,3569,11000
0,3570,12000
0,3571,15000
0,3572,16000
0,3573,14000
0,3574,13000
0,3575,18000
0,3576,15000
0,3577,13000
0,3578,12000
0,3579,12000
0,3580,12000
0,3581,19000
0,3582,19000
0,3583,14000
0,3584,12000
0,3585,11000
0,3586,13000
0,3587,14000
0,3588,10000
0,3589,11000
0,3590,13000
0,3591,14000
0,3592,19000
0,3593,10000
0,3594,11000
0,3595,17000
0,3596,18000
0,3597,19000
0,3598,13000
0,3599,18000
0,3600,17000
0,3601,15000
0,3602,11000
0,3603,17000
0,3604,10000
0,3605,13000
0,3606,18000
0,3607,18000
0,3608,13000
0,3609,13000
0,3610,12000
0,3611,14000
0,3612,11000
0,3613,16000
0,3614,13000
0,3615,18000
0,3616,15000
0,3617,19000
0,3618,19000
0,3619,12000
0,3620,16000
0,3621,9000
0,3622,19000
0,3623,14000
0,3624,15000
0,3625,17000
0,3626,14000
0,3627,16000
0,3628,16000
0,3629,16000
0,3630,19000
0,3631,12000
0,3632,10000
0,3633,15000
0,3634,17000
0,3635,18000
0,3636,13000
0,3637,19000
0,3638,10000
0,3639,16000
0,3640,15000
0,3641,12000
0,3642,13000
0,3643,19000
0,3644,15000
0,3645,16000
0,3646,11000
0,3647,14000
0,3648,16000
0,3649,14000
0,3650,16000
0,3651,14000
0,3652,14000
0,3653,16000
0,3654,9000
0,3655,17000
0,3656,13000
0,3657,15000
0,3658,13000
0,3659,17000
0,3660,10000
0,3661,17000
0,3662,12000
0,3663,13000
0,3664,13000
0,3665,17000
0,3666,13000
0,3667,15000
0,3668,15000
0,3669,14000
0,3670,13000
0,3671,11000
0,3672,15000
0,3673,11000
0,3674,10000
0,3675,16000
0,3676,12000
0,3677,14000
0,3678,19000
0,3679,14000
0,3680,10000
0,3681,15000
0,3682,15000
0,3683,12000
0,3684,14000
0,3685,18000
0,3686,12000
0,3687,10000
0,3688,19000
0,3689,15000
0,3690,13000
0,3691,11000
0,3692,14000
0,3693,14000
0,3694,10000
0,3695,18000
0,3696,18000
0,3697,19000
0,3698,12000
0,3699,14000
0,3700,10000
0,3701,13000
0,3702,13000
0,3703,17000
0,3704,12000
0,3705,11000
0,3706,18000
0,3707,13000
0,3708,10000
0,3709,15000
0,3710,15000
0,3711,17000
0,3712,14000
0,3713,11000
0,3714,17000
0,3715,13000
0,3716,19000
0,3717,19000
0,3718,17000
0,3719,12000
0,3720,13000
0,3721,16000
0,3722,17000
0,3723,18000
0,3724,14000
0,3725,9000
0,3726,13000
0,3727,14000
0,3728,16000
0,3729,12000
0,3730,15000
0,3731,19000
0,3732,11000
0,3733,17000
0,3734,11000
0,3735,18000
0,3736,11000
0,3737,11000
0,3738,13000
0,3739,11000
0,3740,15000
0,3741,19000
0,3742,11000
0,3743,19000
0,3744,12000
0,3745,18000
0,3746,16000
0,3747,16000
0,3748,17000
0,3749,15000
0,3750,17000
0,3751,16000
0,3752,15000
0,3753,12000
0,3754,18000
0,3755,17000
0,3756,13000
0,3757,15000
0,3758,15000
0,3759,11000
0,3760,14000
0,3761,12000
0,3762,17000
0,3763,15000
0,3764,10000
0,3765,19000
0,3766,15000
0,3767,13000
0,3768,11000
0,3769,9000
0,3770,19000
0,3771,15000
0,3772,11000
0,3773,14000
0,3774,18000
0,3775,14000
0,3776,11000
0,3777,16000
0,3778,10000
0,3779,15000
0,3780,14000
0,3781,11000
0,3782,12000
0,3783,10000
0,3784,19000
0,3785,19000
0,3786,15000
0,3787,20000
0,3788,11000
0,3789,18000
0,3790,19000
0,3791,15000
0,3792,16000
0,3793,12000
0,3794,12000
0,3795,10000
0,3796,12000
0,3797,11000
0,3798,17000
0,3799,19000
0,3800,17000
0,3801,17000
0,3802,16000
0,3803,14000
0,3804,10000
0,3805,19000
0,3806,17000
0,3807,13000
0,3808,16000
0,3809,18000
0,3810,10000
0,3811,19000
0,3812,17000
0,3813,10000
0,3814,14000
0,3815,10000
0,3816,14000
0,3817,12000
0,3818,14000
0,3819,16000
0,3820,10000
0,3821,17000
0,3822,15000
0,3823,11000
0,3824,10000
0,3825,15000
0,3826,20000
0,3827,17000
0,3828,11000
0,3829,11000
0,3830,20000
0,3831,11000
0,3832,15000
0,3833,14000
0,3834,16000
0,3835,11000
0,3836,13000
0,3837,17000
0,3838,20000
0,3839,13000
0,3840,11000
0,3841,17000
0,3842,16000
0,3843,19000
0,3844,17000
0,3845,17000
0,3846,11000
0,3847,15000
0,3848,19000
0,3849,12000
0,3850,15000
0,3851,19000
0,3852,12000
0,3853,13000
0,3854,19000
0,3855,17000
0,3856,11000
0,3857,15000
0,3858,15000
0,3859,12000
0,3860,15000
0,3861,13000
0,3862,19000
0,3863,10000
0,3864,10000
0,3865,13000
0,3866,13000
0,3867,13000
0,3868,18000
0,3869,13000
0,3870,15000
0,3871,11000
0,3872,10000
0,3873,10000
0,3874,17000
0,3875,19000
0,3876,15000
0,3877,15000
0,3878,19000
0,3879,10000
0,3880,9000
0,3881,19000
0,3882,9000
0,3883,16000
0,3884,15000
0,3885,16000
0,3886,15000
0,3887,15000
0,3888,10000
0,3889,19000
0,3890,19000
0,3891,15000
0,3892,10000
0,3893,16000
0,3894,13000
0,3895,15000
0,3896,18000
0,3897,12000
0,3898,14000
0,3899,14000
0,3900,16000
0,3901,12000
0,3902,14000
0,3903,11000
0,3904,12000
0,3905,17000
0,3906,16000
0,3907,19000
0,3908,12000
0,3909,11000
0,3910,16000
0,3911,19000
0,3912,18000
0,3913,15000
0,3914,10000
0,3915,19000
0,3916,11000
0,3917,11000
0,3918,11000
0,3919,15000
0,3920,12000
0,3921,11000
0,3922,20000
0,3923,14000
0,3924,11000
0,3925,15000
0,3926,12000
0,3927,16000
0,3928,10000
0,3929,16000
0,3930,14000
0,3931,14000
0,3932,15000
0,3933,15000
0,3934,17000
0,3935,14000
0,3936,13000
0,3937,19000
0,3938,14000
0,3939,19000
0,3940,14000
0,3941,14000
0,3942,19000
0,3943,19000
0,3944,19000
0,3945,16000
0,3946,15000
0,3947,15000
0,3948,13000
0,3949,19000
0,3950,11000
0,3951,12000
0,3952,11000
0,3953,13000
0,3954,17000
0,3955,15000
0,3956,12000
0,3957,17000
0,3958,10000
0,3959,18000
0,3960,15000
0,3961,17000
0,3962,15000
0,3963,10000
0,3964,20000
0,3965,17000
0,3966,12000
0,3967,18000
0,3968,11000
0,3969,16000
0,3970,13000
0,3971,12000
0,3972,13000
0,3973,15000
0,3974,16000
0,3975,14000
0,3976,15000
0,3977,12000
0,3978,13000
0,3979,15000
0,3980,11000
0,3981,14000
0,3982,18000
0,3983,17000
0,3984,18000
0,3985,10000
0,3986,18000
0,3987,18000
0,3988,19000
0,3989,11000
0,3990,11000
0,3991,10000
0,3992,15000
0,3993,13000
0,3994,10000
0,3995,13000
0,3996,10000
0,3997,14000
0,3998,15000
0,3999,12000
0,4000,17000
0,4001,15000
0,4002,13000
0,4003,9000
0,4004,12000
0,4005,10000
0,4006,15000
0,4007,12000
0,4008,19000
0,4009,15000
0,4010,15000
0,4011,12000
0,4012,15000
0,4013,18000
0,4014,13000
0,4015,20000
0,4016,10000
0,4017,14000
0,4018,18000
0,4019,15000
0,4020,14000
0,4021,12000
0,4022,20000
0,4023,19000
0,4024,16000
0,4025,19000
0,4026,19000
0,4027,17000
0,4028,18000
0,4029,17000
0,4030,15000
0,4031,13000
0,4032,11000
0,4033,16000
0,4034,10000
0,4035,17000
0,4036,17000
0,4037,19000
0,4038,12000
0,4039,18000
0,4040,19000
0,4041,15000
0,4042,13000
0,4043,14000
0,4044,14000
0,4045,19000
0,4046,10000
0,4047,19000
0,4048,15000
0,4049,18000
0,4050,10000
0,4051,13000
0,4052,17000
0,4053,18000
0,4054,10000
0,4055,18000
0,4056,14000
0,4057,12000
0,4058,9000
0,4059,16000
0,4060,15000
0,4061,18000
0,4062,16000
0,4063,11000
0,4064,15000
0,4065,13000
0,4066,16000
0,4067,15000
0,4068,12000
0,4069,11000
0,4070,19000
0,4071,10000
0,4072,17000
0,4073,15000
0,4074,15000
0,4075,15000
0,4076,9000
0,4077,14000
0,4078,11000
0,4079,13000
0,4080,16000
0,4081,12000
0,4082,17000
0,4083,14000
0,4084,18000
0,4085,16000
0,4086,11000
0,4087,10000
0,4088,17000
0,4089,15000
0,4090,11000
0,4091,19000
0,4092,13000
0,4093,18000
0,4094,12000
0,4095,17000
0,4096,14000
0,4097,14000
0,4098,11000
0,4099,17000
0,4100,16000
0,4101,16000
0,4102,15000
0,4103,19000
0,4104,16000
0,4105,14000
0,4106,20000
0,4107,18000
0,4108,19000
0,4109,12000
0,4110,16000
0,4111,10000
0,4112,16000
0,4113,13000
0,4114,16000
0,4115,19000
0,4116,10000
0,4117,13000
0,4118,15000
0,4119,12000
0,4120,10000
0,4121,12000
0,4122,18000
0,4123,18000
0,4124,12000
0,4125,12000
0,4126,17000
0,4127,17000
0,4128,17000
0,4129,10000
0,4130,14000
0,4131,12000
0,4132,18000
0,4133,19000
0,4134,12000
0,4135,16000
0,4136,18000
0,4137,19000
0,4138,14000
0,4139,19000
0,4140,18000
0,4141,13000
0,4142,19000
0,4143,12000
0,4144,19000
0,4145,17000
0,4146,15000
0,4147,19000
0,4148,18000
0,4149,17000
0,4150,10000
0,4151,16000
0,4152,12000
0,4153,11000
0,4154,10000
0,4155,10000
0,4156,13000
0,4157,15000
0,4158,13000
0,4159,16000
0,4160,16000
0,4161,18000
0,4162,18000
0,4163,14000
0,4164,11000
0,4165,17000
0,4166,17000
0,4167,17000
0,4168,14000
0,4169,9000
0,4170,18000
0,4171,18000
0,4172,15000
0,4173,10000
0,4174,17000
0,4175,17000
0,4176,13000
0,4177,14000
0,4178,10000
0,4179,16000
0,4180,14000
0,4181,19000
0,4182,19000
0,4183,12000
0,4184,10000
0,4185,19000
0,4186,16000
0,4187,16000
0,4188,13000
0,4189,14000
0,4190,15000
0,4191,10000
0,4192,11000
0,4193,18000
0,4194,13000
0,4195,9000
0,4196,14000
0,4197,16000
0,4198,19000
0,4199,10000
0,4200,19000
0,4201,11000
0,4202,15000
0,4203,11000
0,4204,10000
0,4205,18000
0,4206,11000
0,4207,18000
0,4208,12000
0,4209,12000
0,4210,16000
0,4211,11000
0,4212,14000
0,4213,15000
0,4214,9000
0,4215,18000
0,4216,18000
0,4217,11000
0,4218,15000
0,4219,13000
0,4220,18000
0,4221,16000
0,4222,10000
0,4223,18000
0,4224,18000
0,4225,11000
0,4226,15000
0,4227,9000
0,4228,19000
0,4229,15000
0,4230,12000
0,4231,17000
0,4232,17000
0,4233,10000
0,4234,10000
0,4235,10000
0,4236,14000
0,4237,12000
0,4238,15000
0,4239,13000
0,4240,18000
0,4241,11000
0,4242,10000
0,4243,18000
0,4244,13000
0,4245,16000
0,4246,13000
0,4247,12000
0,4248,11000
0,4249,11000
0,4250,17000
0,4251,13000
0,4252,12000
0,4253,17000
0,4254,14000
0,4255,14000
0,4256,15000
0,4257,10000
0,4258,10000
0,4259,10000
0,4260,14000
0,4261,15000
0,4262,11000
0,4263,11000
0,4264,19000
0,4265,10000
0,4266,18000
0,4267,12000
0,4268,17000
0,4269,14000
0,4270,16000
0,4271,10000
0,4272,12000
0,4273,16000
0,4274,19000
0,4275,14000
0,4276,11000
0,4277,13000
0,4278,10000
0,4279,12000
0,4280,11000
0,4281,18000
0,4282,18000
0,4283,12000
0,4284,14000
0,4285,18000
0,4286,10000
0,4287,14000
0,4288,17000
0,4289,16000
0,4290,12000
0,4291,17000
0,4292,16000
0,4293,11000
0,4294,17000
0,4295,17000
0,4296,15000
0,4297,17000
0,4298,14000
0,4299,19000
0,4300,10000
0,4301,14000
0,4302,18000
0,4303,12000
0,4304,16000
0,4305,12000
0,4306,17000
0,4307,11000
0,4308,15000
0,4309,17000
0,4310,13000
0,4311,13000
0,4312,11000
0,4313,12000
0,4314,11000
0,4315,18000
0,4316,12000
0,4317,12000
0,4318,12000
0,4319,19000
0,4320,16000
0,4321,18000
0,4322,10000
0,4323,17000
0,4324,18000
0,4325,10000
0,4326,11000
0,4327,15000
0,4328,17000
0,4329,19000
0,4330,20000
0,4331,20000
0,4332,20000
0,4333,18000
0,4334,10000
0,4335,11000
0,4336,11000
0,4337,18000
0,4338,13000
0,4339,19000
0,4340,15000
0,4341,13000
0,4342,13000
0,4343,12000
0,4344,14000
0,4345,12000
0,4346,12000
0,4347,14000
0,4348,19000
0,4349,14000
0,4350,12000
0,4351,14000
0,4352,13000
0,4353,14000
0,4354,16000
0,4355,18000
0,4356,14000
0,4357,17000
0,4358,11000
0,4359,12000
0,4360,11000
0,4361,12000
0,4362,14000
0,4363,13000
0,4364,16000
0,4365,19000
0,4366,10000
0,4367,17000
0,4368,10000
0,4369,11000
0,4370,18000
0,4371,10000
0,4372,15000
0,4373,11000
0,4374,11000
0,4375,10000
0,4376,11000
0,4377,13000
0,4378,13000
0,4379,11000
0,4380,11000
0,4381,16000
0,4382,11000
0,4383,11000
0,4384,19000
0,4385,16000
0,4386,13000
0,4387,11000
0,4388,16000
0,4389,18000
0,4390,9000
0,4391,17000
0,4392,14000
0,4393,12000
0,4394,16000
0,4395,16000
0,4396,17000
0,4397,18000
0,4398,12000
0,4399,14000
0,4400,17000
0,4401,12000
0,4402,10000
0,4403,9000
0,4404,16000
0,4405,10000
0,4406,12000
0,4407,13000
0,4408,11000
0,4409,17000
0,4410,12000
0,4411,10000
0,4412,18000
0,4413,15000
0,4414,12000
0,4415,16000
0,4416,10000
0,4417,15000
0,4418,19000
0,4419,20000
0,4420,16000
0,4421,11000
0,4422,16000
0,4423,11000
0,4424,19000
0,4425,13000
0,4426,11000
0,4427,12000
0,4428,19000
0,4429,12000
0,4430,19000
0,4431,16000
0,4432,14000
0,4433,17000
0,4434,11000
0,4435,13000
0,4436,17000
0,4437,12000
0,4438,16000
0,4439,18000
0,4440,10000
0,4441,18000
0,4442,15000
0,4443,13000
0,4444,13000
0,4445,10000
0,4446,14000
0,4447,11000
0,4448,14000
0,4449,12000
0,4450,9000
0,4451,16000
0,4452,19000
0,4453,13000
0,4454,18000
0,4455,14000
0,4456,14000
0,4457,11000
0,4458,16000
0,4459,19000
0,4460,10000
0,4461,14000
0,4462,19000
0,4463,10000
0,4464,11000
0,4465,15000
0,4466,10000
0,4467,12000
0,4468,16000
0,4469,11000
0,4470,16000
0,4471,17000
0,4472,13000
0,4473,16000
0,4474,14000
0,4475,11000
0,4476,20000
0,4477,16000
0,4478,11000
0,4479,18000
0,4480,16000
0,4481,14000
0,4482,16000
0,4483,19000
0,4484,13000
0,4485,13000
0,4486,15000
0,4487,12000
0,4488,15000
0,4489,12000
0,4490,12000
0,4491,18000
0,4492,11000
0,4493,17000
0,4494,15000
0,4495,10000
0,4496,14000
0,4497,18000
0,4498,19000
0,4499,14000
0,4500,10000
0,4501,15000
0,4502,11000
0,4503,12000
0,4504,10000
0,4505,17000
0,4506,11000
0,4507,18000
0,4508,12000
0,4509,14000
0,4510,15000
0,4511,16000
0,4512,19000
0,4513,11000
0,4514,14000
0,4515,12000
0,4516,12000
0,4517,11000
0,4518,10000
0,4519,15000
0,4520,16000
0,4521,18000
0,4522,16000
0,4523,12000
0,4524,16000
0,4525,11000
0,4526,17000
0,4527,14000
0,4528,13000
0,4529,12000
0,4530,14000
0,4531,16000
0,4532,14000
0,4533,17000
0,4534,11000
0,4535,14000
0,4536,14000
0,4537,17000
0,4538,11000
0,4539,18000
0,4540,10000
0,4541,14000
0,4542,15000
0,4543,18000
0,4544,18000
0,4545,20000
0,4546,12000
0,4547,10000
0,4548,10000
0,4549,16000
0,4550,10000
0,4551,17000
0,4552,18000
0,4553,13000
0,4554,12000
0,4555,10000
0,4556,12000
0,4557,14000
0,4558,12000
0,4559,20000
0,4560,17000
0,4561,16000
0,4562,15000
0,4563,11000
0,4564,15000
0,4565,11000
0,4566,13000
0,4567,11000
0,4568,10000
0,4569,19000
0,4570,18000
0,4571,19000
0,4572,10000
0,4573,19000
0,4574,19000
0,4575,14000
0,4576,15000
0,4577,16000
0,4578,19000
0,4579,12000
0,4580,18000
0,4581,17000
0,4582,12000
0,4583,17000
0,4584,18000
0,4585,15000
0,4586,12000
0,4587,11000
0,4588,14000
0,4589,16000
0,4590,13000
0,4591,18000
0,4592,10000
0,4593,9000
0,4594,13000
0,4595,13000
0,4596,10000
0,4597,13000
0,4598,18000
0,4599,14000
0,4600,15000
0,4601,14000
0,4602,18000
0,4603,15000
0,4604,17000
0,4605,13000
0,4606,18000
0,4607,17000
0,4608,16000
0,4609,10000
0,4610,18000
0,4611,19000
0,4612,18000
0,4613,19000
0,4614,19000
0,4615,16000
0,4616,12000
0,4617,20000
0,4618,11000
0,4619,10000
0,4620,18000
0,4621,14000
0,4622,18000
0,4623,19000
0,4624,10000
0,4625,16000
0,4626,15000
0,4627,15000
0,4628,12000
0,4629,18000
0,4630,18000
0,4631,13000
0,4632,18000
0,4633,14000
0,4634,13000
0,4635,18000
0,4636,17000
0,4637,11000
0,4638,15000
0,4639,16000
0,4640,15000
0,4641,15000
0,4642,16000
0,4643,18000
0,4644,14000
0,4645,12000
0,4646,10000
0,4647,15000
0,4648,15000
0,4649,12000
0,4650,13000
0,4651,15000
0,4652,12000
0,4653,15000
0,4654,11000
0,4655,14000
0,4656,15000
0,4657,19000
0,4658,12000
0,4659,16000
0,4660,12000
0,4661,11000
0,4662,10000
0,4663,10000
0,4664,14000
0,4665,18000
0,4666,17000
0,4667,14000
0,4668,11000
0,4669,19000
0,4670,15000
0,4671,11000
0,4672,10000
0,4673,18000
0,4674,19000
0,4675,19000
0,4676,12000
0,4677,14000
0,4678,11000
0,4679,11000
0,4680,9000
0,4681,17000
0,4682,15000
0,4683,10000
0,4684,12000
0,4685,15000
0,4686,9000
0,4687,17000
0,4688,14000
0,4689,16000
0,4690,16000
0,4691,18000
0,4692,19000
0,4693,19000
0,4694,13000
0,4695,14000
0,4696,15000
0,4697,10000
0,4698,17000
0,4699,14000
0,4700,13000
0,4701,15000
0,4702,18000
0,4703,11000
0,4704,16000
0,4705,15000
0,4706,14000
0,4707,18000
0,4708,19000
0,4709,19000
0,4710,16000
0,4711,9000
0,4712,11000
0,4713,18000
0,4714,15000
0,4715,19000
0,4716,12000
0,4717,13000
0,4718,13000
0,4719,16000
0,4720,19000
0,4721,14000
0,4722,11000
0,4723,17000
0,4724,11000
0,4725,11000
0,4726,13000
0,4727,19000
0,4728,10000
0,4729,19000
0,4730,20000
0,4731,13000
0,4732,19000
0,4733,16000
0,4734,17000
0,4735,15000
0,4736,11000
0,4737,10000
0,4738,11000
0,4739,12000
0,4740,17000
0,4741,14000
0,4742,17000
0,4743,13000
0,4744,16000
0,4745,12000
0,4746,10000
0,4747,12000
0,4748,19000
0,4749,13000
0,4750,17000
0,4751,10000
0,4752,17000
0,4753,12000
0,4754,15000
0,4755,18000
0,4756,16000
0,4757,11000
0,4758,18000
0,4759,18000
0,4760,15000
0,4761,18000
0,4762,18000
0,4763,18000
0,4764,12000
0,4765,12000
0,4766,11000
0,4767,15000
0,4768,13000
0,4769,19000
0,4770,10000
0,4771,16000
0,4772,17000
0,4773,16000
0,4774,13000
0,4775,10000
0,4776,11000
0,4777,12000
0,4778,19000
0,4779,12000
0,4780,16000
0,4781,19000
0,4782,13000
0,4783,15000
0,4784,17000
0,4785,17000
0,4786,14000
0,4787,13000
0,4788,18000
0,4789,17000
0,4790,10000
0,4791,10000
0,4792,17000
0,4793,15000
0,4794,18000
0,4795,18000
0,4796,16000
0,4797,12000
0,4798,12000
0,4799,14000
0,4800,16000
0,4801,10000
0,4802,10000
0,4803,10000
0,4804,17000
0,4805,11000
0,4806,15000
0,4807,18000
0,4808,14000
0,4809,18000
0,4810,14000
0,4811,19000
0,4812,12000
0,4813,13000
0,4814,15000
0,4815,11000
0,4816,15000
0,4817,18000
0,4818,12000
0,4819,12000
0,4820,19000
0,4821,18000
0,4822,19000
0,4823,13000
0,4824,14000
0,4825,19000
0,4826,16000
0,4827,10000
0,4828,14000
0,4829,13000
0,4830,13000
0,4831,15000
0,4832,16000
0,4833,17000
0,4834,18000
0,4835,16000
0,4836,15000
0,4837,15000
0,4838,10000
0,4839,15000
0,4840,15000
0,4841,14000
0,4842,14000
0,4843,12000
0,4844,18000
0,4845,11000
0,4846,13000
0,4847,11000
0,4848,11000
0,4849,14000
0,4850,12000
0,4851,18000
0,4852,14000
0,4853,18000
0,4854,16000
0,4855,12000
0,4856,10000
0,4857,11000
0,4858,15000
0,4859,18000
0,4860,16000
0,4861,17000
0,4862,19000
0,4863,15000
0,4864,17000
0,4865,11000
0,4866,16000
0,4867,11000
0,4868,10000
0,4869,18000
0,4870,18000
0,4871,12000
0,4872,18000
0,4873,18000
0,4874,10000
0,4875,16000
0,4876,10000
0,4877,19000
0,4878,18000
0,4879,16000
0,4880,16000
0,4881,14000
0,4882,13000
0,4883,14000
0,4884,15000
0,4885,10000
0,4886,16000
0,4887,16000
0,4888,17000
0,4889,18000
0,4890,11000
0,4891,16000
0,4892,17000
0,4893,13000
0,4894,17000
0,4895,10000
0,4896,9000
0,4897,17000
0,4898,16000
0,4899,16000
0,4900,15000
0,4901,18000
0,4902,9000
0,4903,17000
0,4904,20000
0,4905,10000
0,4906,13000
0,4907,10000
0,4908,14000
0,4909,19000
0,4910,12000
0,4911,13000
0,4912,16000
0,4913,11000
0,4914,16000
0,4915,10000
0,4916,16000
0,4917,17000
0,4918,17000
0,4919,14000
0,4920,19000
0,4921,11000
0,4922,17000
0,4923,18000
0,4924,15000
0,4925,13000
0,4926,18000
0,4927,18000
0,4928,14000
0,4929,19000
0,4930,16000
0,4931,13000
0,4932,11000
0,4933,14000
0,4934,15000
0,4935,17000
0,4936,19000
0,4937,10000
0,4938,16000
0,4939,14000
0,4940,15000
0,4941,12000
0,4942,11000
0,4943,14000
0,4944,11000
0,4945,11000
0,4946,19000
0,4947,13000
0,4948,10000
0,4949,15000
0,4950,18000
0,4951,15000
0,4952,16000
0,4953,13000
0,4954,19000
0,4955,16000
0,4956,18000
0,4957,18000
0,4958,10000
0,4959,12000
0,4960,18000
0,4961,19000
0,4962,13000
0,4963,19000
0,4964,13000
0,4965,12000
0,4966,16000
0,4967,12000
0,4968,13000
0,4969,19000
0,4970,10000
0,4971,10000
0,4972,15000
0,4973,13000
0,4974,10000
0,4975,16000
0,4976,16000
0,4977,12000
0,4978,16000
0,4979,15000
0,4980,19000
0,4981,15000
0,4982,14000
0,4983,15000
0,4984,16000
0,4985,12000
0,4986,19000
0,4987,10000
0,4988,13000
0,4989,14000
0,4990,14000
0,4991,14000
0,4992,17000
0,4993,15000
0,4994,14000
0,4995,9000
0,4996,19000
0,4997,13000
0,4998,15000
0,4999,11000
0,5000,17000
0,5001,19000
0,5002,19000
0,5003,11000
0,5004,15000
0,5005,11000
0,5006,13000
0,5007,17000
0,5008,12000
0,5009,18000
0,5010,19000
0,5011,17000
0,5012,10000
0,5013,13000
0,5014,12000
0,5015,17000
0,5016,10000
0,5017,10000
0,5018,11000
0,5019,16000
0,5020,16000
0,5021,15000
0,5022,9000
0,5023,10000
0,5024,11000
0,5025,15000
0,5026,12000
0,5027,17000
0,5028,15000
0,5029,14000
0,5030,10000
0,5031,16000
0,5032,12000
0,5033,18000
0,5034,18000
0,5035,10000
0,5036,12000
0,5037,14000
0,5038,12000
0,5039,19000
0,5040,10000
0,5041,12000
0,5042,11000
0,5043,15000
0,5044,19000
0,5045,12000
0,5046,10000
0,5047,12000
0,5048,20000
0,5049,12000
0,5050,10000
0,5051,16000
0,5052,11000
0,5053,18000
0,5054,11000
0,5055,12000
0,5056,11000
0,5057,15000
0,5058,10000
0,5059,12000
0,5060,14000
0,5061,15000
0,5062,17000
0,5063,15000
0,5064,16000
0,5065,11000
0,5066,10000
0,5067,12000
0,5068,18000
0,5069,14000
0,5070,18000
0,5071,13000
0,5072,19000
0,5073,19000
0,5074,18000
0,5075,18000
0,5076,12000
0,5077,12000
0,5078,17000
0,5079,19000
0,5080,19000
0,5081,10000
0,5082,14000
0,5083,18000
0,5084,10000
0,5085,19000
0,5086,19000
0,5087,14000
0,5088,16000
0,5089,17000
0,5090,10000
0,5091,11000
0,5092,18000
0,5093,11000
0,5094,18000
0,5095,12000
0,5096,14000
0,5097,10000
0,5098,18000
0,5099,15000
0,5100,10000
0,5101,12000
0,5102,17000
0,5103,14000
0,5104,9000
0,5105,16000
0,5106,14000
0,5107,17000
0,5108,18000
0,5109,17000
0,5110,14000
0,5111,19000
0,5112,12000
0,5113,11000
0,5114,16000
0,5115,14000
0,5116,13000
0,5117,19000
0,5118,17000
0,5119,18000
0,5120,13000
0,5121,14000
0,5122,16000
0,5123,12000
0,5124,11000
0,5125,20000
0,5126,14000
0,5127,12000
0,5128,17000
0,5129,19000
0,5130,10000
0,5131,12000
0,5132,10000
0,5133,11000
0,5134,13000
0,5135,17000
0,5136,15000
0,5137,10000
0,5138,18000
0,5139,10000
0,5140,10000
0,5141,20000
0,5142,17000
0,5143,12000
0,5144,18000
0,5145,18000
0,5146,14000
0,5147,16000
0,5148,12000
0,5149,15000
0,5150,13000
0,5151,17000
0,5152,16000
0,5153,10000
0,5154,18000
0,5155,16000
0,5156,11000
0,5157,16000
0,5158,11000
0,5159,18000
0,5160,14000
0,5161,17000
0,5162,16000
0,5163,17000
0,5164,15000
0,5165,19000
0,5166,19000
0,5167,11000
0,5168,17000
0,5169,19000
0,5170,12000
0,5171,18000
0,5172,17000
0,5173,15000
0,5174,19000
0,5175,14000
0,5176,17000
0,5177,17000
0,5178,10000
0,5179,16000
0,5180,19000
0,5181,19000
0,5182,18000
0,5183,19000
0,5184,14000
0,5185,14000
0,5186,18000
0,5187,12000
0,5188,14000
0,5189,14000
0,5190,11000
0,5191,15000
0,5192,11000
0,5193,13000
0,5194,14000
0,5195,18000
0,5196,18000
0,5197,12000
0,5198,10000
0,5199,16000
0,5200,17000
0,5201,19000
0,5202,13000
0,5203,14000
0,5204,16000
0,5205,10000
0,5206,17000
0,5207,16000
0,5208,17000
0,5209,15000
0,5210,14000
0,5211,12000
0,5212,19000
0,5213,18000
0,5214,18000
0,5215,14000
0,5216,16000
0,5217,17000
0,5218,10000
0,5219,15000
0,5220,17000
0,5221,17000
0,5222,13000
0,5223,14000
0,5224,14000
0,5225,19000
0,5226,16000
0,5227,14000
0,5228,15000
0,5229,14000
0,5230,16000
0,5231,17000
0,5232,12000
0,5233,13000
0,5234,13000
0,5235,16000
0,5236,11000
0,5237,12000
0,5238,11000
0,5239,14000
0,5240,14000
0,5241,11000
0,5242,16000
0,5243,10000
0,5244,16000
0,5245,14000
0,5246,15000
0,5247,16000
0,5248,19000
0,5249,14000
0,5250,17000
0,5251,15000
0,5252,17000
0,5253,14000
0,5254,18000
0,5255,20000
0,5256,14000
0,5257,11000
0,5258,18000
0,5259,10000
0,5260,19000
0,5261,11000
0,5262,11000
0,5263,18000
0,5264,17000
0,5265,15000
0,5266,14000
0,5267,16000
0,5268,11000
0,5269,17000
0,5270,9000
0,5271,18000
0,5272,13000
0,5273,11000
0,5274,18000
0,5275,15000
0,5276,14000
0,5277,12000
0,5278,16000
0,5279,10000
0,5280,15000
0,5281,12000
0,5282,17000
0,5283,11000
0,5284,10000
0,5285,12000
0,5286,12000
0,5287,14000
0,5288,17000
0,5289,18000
0,5290,19000
0,5291,12000
0,5292,12000
0,5293,19000
0,5294,15000
0,5295,18000
0,5296,15000
0,5297,17000
0,5298,18000
0,5299,17000
0,5300,12000
0,5301,13000
0,5302,12000
0,5303,15000
0,5304,19000
0,5305,10000
0,5306,15000
0,5307,19000
0,5308,17000
0,5309,10000
0,5310,17000
0,5311,18000
0,5312,17000
0,5313,12000
0,5314,14000
0,5315,13000
0,5316,10000
0,5317,15000
0,5318,15000
0,5319,11000
0,5320,18000
0,5321,12000
0,5322,19000
0,5323,12000
0,5324,13000
0,5325,15000
0,5326,12000
0,5327,16000
0,5328,17000
0,5329,11000
0,5330,13000
0,5331,10000
0,5332,18000
0,5333,12000
0,5334,17000
0,5335,18000
0,5336,10000
0,5337,14000
0,5338,13000
0,5339,17000
0,5340,18000
0,5341,13000
0,5342,13000
0,5343,12000
0,5344,14000
0,5345,12000
0,5346,16000
0,5347,17000
0,5348,17000
0,5349,10000
0,5350,10000
0,5351,18000
0,5352,15000
0,5353,16000
0,5354,17000
0,5355,10000
0,5356,16000
0,5357,11000
0,5358,15000
0,5359,11000
0,5360,16000
0,5361,13000
0,5362,10000
0,5363,12000
0,5364,13000
0,5365,16000
0,5366,14000
0,5367,13000
0,5368,12000
0,5369,11000
0,5370,12000
0,5371,16000
0,5372,17000
0,5373,15000
0,5374,19000
0,5375,17000
0,5376,12000
0,5377,13000
0,5378,19000
0,5379,18000
0,5380,19000
0,5381,13000
0,5382,15000
0,5383,13000
0,5384,12000
0,5385,10000
0,5386,16000
0,5387,18000
0,5388,17000
0,5389,15000
0,5390,16000
0,5391,11000
0,5392,13000
0,5393,19000
0,5394,10000
0,5395,15000
0,5396,12000
0,5397,19000
0,5398,13000
0,5399,17000
0,5400,12000
0,5401,9000
0,5402,15000
0,5403,17000
0,5404,11000
0,5405,10000
0,5406,9000
0,5407,14000
0,5408,11000
0,5409,13000
0,5410,19000
0,5411,17000
0,5412,19000
0,5413,19000
0,5414,15000
0,5415,10000
0,5416,9000
0,5417,11000
0,5418,18000
0,5419,12000
0,5420,13000
0,5421,18000
0,5422,10000
0,5423,18000
0,5424,17000
0,5425,18000
0,5426,19000
0,5427,17000
0,5428,19000
0,5429,10000
0,5430,19000
0,5431,18000
0,5432,18000
0,5433,16000
0,5434,11000
0,5435,18000
0,5436,15000
0,5437,13000
0,5438,15000
0,5439,11000
0,5440,14000
0,5441,12000
0,5442,19000
0,5443,18000
0,5444,13000
0,5445,17000
0,5446,11000
0,5447,14000
0,5448,12000
0,5449,12000
0,5450,17000
0,5451,14000
0,5452,19000
0,5453,10000
0,5454,19000
0,5455,19000
0,5456,19000
0,5457,15000
0,5458,12000
0,5459,12000
0,5460,13000
0,5461,14000
0,5462,18000
0,5463,12000
0,5464,18000
0,5465,19000
0,5466,17000
0,5467,14000
0,5468,11000
0,5469,15000
0,5470,20000
0,5471,19000
0,5472,16000
0,5473,12000
0,5474,18000
0,5475,10000
0,5476,9000
0,5477,17000
0,5478,11000
0,5479,18000
0,5480,14000
0,5481,10000
0,5482,12000
0,5483,14000
0,5484,16000
0,5485,17000
0,5486,12000
0,5487,20000
0,5488,11000
0,5489,18000
0,5490,17000
0,5491,14000
0,5492,10000
0,5493,12000
0,5494,16000
0,5495,17000
0,5496,10000
0,5497,10000
0,5498,13000
0,5499,14000
0,5500,14000
0,5501,10000
0,5502,13000
0,5503,11000
0,5504,13000
0,5505,12000
0,5506,18000
0,5507,12000
0,5508,20000
0,5509,15000
0,5510,15000
0,5511,18000
0,5512,12000
0,5513,11000
0,5514,11000
0,5515,15000
0,5516,15000
0,5517,11000
0,5518,20000
0,5519,14000
0,5520,16000
0,5521,11000
0,5522,12000
0,5523,11000
0,5524,12000
0,5525,18000
0,5526,19000
0,5527,10000
0,5528,14000
0,5529,14000
0,5530,18000
0,5531,13000
0,5532,9000
0,5533,11000
0,5534,17000
0,5535,16000
0,5536,11000
0,5537,19000
0,5538,18000
0,5539,10000
0,5540,17000
0,5541,15000
0,5542,12000
0,5543,15000
0,5544,18000
0,5545,13000
0,5546,13000
0,5547,18000
0,5548,17000
0,5549,11000
0,5550,17000
0,5551,12000
0,5552,13000
0,5553,12000
0,5554,17000
0,5555,11000
0,5556,15000
0,5557,17000
0,5558,14000
0,5559,11000
0,5560,13000
0,5561,13000
0,5562,20000
0,5563,13000
0,5564,12000
0,5565,15000
0,5566,15000
0,5567,16000
0,5568,14000
0,5569,11000
0,5570,12000
0,5571,17000
0,5572,11000
0,5573,14000
0,5574,11000
0,5575,16000
0,5576,11000
0,5577,16000
0,5578,15000
0,5579,11000
0,5580,15000
0,5581,18000
0,5582,13000
0,5583,19000
0,5584,15000
0,5585,19000
0,5586,14000
0,5587,13000
0,5588,19000
0,5589,16000
0,5590,12000
0,5591,13000
0,5592,11000
0,5593,15000
0,5594,19000
0,5595,14000
0,5596,16000
0,5597,14000
0,5598,19000
0,5599,16000
0,5600,18000
0,5601,18000
0,5602,14000
0,5603,19000
0,5604,11000
0,5605,19000
0,5606,13000
0,5607,13000
0,5608,16000
0,5609,16000
0,5610,17000
0,5611,11000
0,5612,12000
0,5613,16000
0,5614,18000
0,5615,19000
0,5616,19000
0,5617,11000
0,5618,18000
0,5619,15000
0,5620,15000
0,5621,18000
0,5622,13000
0,5623,10000
0,5624,13000
0,5625,10000
0,5626,18000
0,5627,10000
0,5628,13000
0,5629,18000
0,5630,12000
0,5631,17000
0,5632,11000
0,5633,16000
0,5634,11000
0,5635,11000
0,5636,16000
0,5637,14000
0,5638,9000
0,5639,13000
0,5640,12000
0,5641,10000
0,5642,18000
0,5643,11000
0,5644,9000
0,5645,10000
0,5646,12000
0,5647,15000
0,5648,19000
0,5649,10000
0,5650,11000
0,5651,14000
0,5652,15000
0,5653,17000
0,5654,10000
0,5655,14000
0,5656,13000
0,5657,12000
0,5658,11000
0,5659,17000
0,5660,19000
0,5661,11000
0,5662,12000
0,5663,18000
0,5664,15000
0,5665,10000
0,5666,17000
0,5667,13000
0,5668,10000
0,5669,17000
0,5670,19000
0,5671,15000
0,5672,11000
0,5673,16000
0,5674,10000
0,5675,19000
0,5676,19000
0,5677,10000
0,5678,18000
0,5679,19000
0,5680,14000
0,5681,12000
0,5682,16000
0,5683,17000
0,5684,19000
0,5685,18000
0,5686,12000
0,5687,13000
0,5688,9000
0,5689,12000
0,5690,18000
0,5691,14000
0,5692,12000
0,5693,13000
0,5694,13000
0,5695,14000
0,5696,14000
0,5697,10000
0,5698,16000
0,5699,10000
0,5700,19000
0,5701,15000
0,5702,18000
0,5703,11000
0,5704,12000
0,5705,16000
0,5706,14000
0,5707,14000
0,5708,13000
0,5709,11000
0,5710,14000
0,5711,18000
0,5712,13000
0,5713,14000
0,5714,15000
0,5715,10000
0,5716,13000
0,5717,17000
0,5718,17000
0,5719,19000
0,5720,18000
0,5721,11000
0,5722,12000
0,5723,17000
0,5724,17000
0,5725,13000
0,5726,11000
0,5727,10000
0,5728,19000
0,5729,16000
0,5730,15000
0,5731,15000
0,5732,14000
0,5733,14000
0,5734,15000
0,5735,14000
0,5736,17000
0,5737,10000
0,5738,10000
0,5739,14000
0,5740,18000
0,5741,14000
0,5742,19000
0,5743,11000
0,5744,15000
0,5745,15000
0,5746,15000
0,5747,12000
0,5748,18000
0,5749,10000
0,5750,17000
0,5751,17000
0,5752,16000
0,5753,16000
0,5754,14000
0,5755,17000
0,5756,14000
0,5757,18000
0,5758,14000
0,5759,18000
0,5760,12000
0,5761,11000
0,5762,18000
0,5763,15000
0,5764,18000
0,5765,10000
0,5766,14000
0,5767,12000
0,5768,18000
0,5769,18000
0,5770,16000
0,5771,13000
0,5772,18000
0,5773,16000
0,5774,19000
0,5775,9000
0,5776,19000
0,5777,16000
0,5778,16000
0,5779,11000
0,5780,17000
0,5781,12000
0,5782,18000
0,5783,10000
0,5784,13000
0,5785,18000
0,5786,10000
0,5787,16000
0,5788,19000
0,5789,18000
0,5790,13000
0,5791,9000
0,5792,11000
0,5793,16000
0,5794,14000
0,5795,19000
0,5796,16000
0,5797,17000
0,5798,20000
0,5799,17000
0,5800,15000
0,5801,17000
0,5802,10000
0,5803,18000
0,5804,19000
0,5805,19000
0,5806,12000
0,5807,10000
0,5808,9000
0,5809,17000
0,5810,10000
0,5811,12000
0,5812,16000
0,5813,11000
0,5814,19000
0,5815,19000
0,5816,16000
0,5817,16000
0,5818,11000
0,5819,15000
0,5820,16000
0,5821,10000
0,5822,18000
0,5823,18000
0,5824,17000
0,5825,10000
0,5826,16000
0,5827,11000
0,5828,14000
0,5829,14000
0,5830,9000
0,5831,16000
0,5832,15000
0,5833,13000
0,5834,15000
0,5835,19000
0,5836,16000
0,5837,12000
0,5838,13000
0,5839,16000
0,5840,12000
0,5841,12000
0,5842,10000
0,5843,18000
0,5844,11000
0,5845,17000
0,5846,17000
0,5847,15000
0,5848,13000
0,5849,10000
0,5850,16000
0,5851,15000
0,5852,17000
0,5853,13000
0,5854,16000
0,5855,17000
0,5856,11000
0,5857,17000
0,5858,18000
0,5859,19000
0,5860,16000
0,5861,17000
0,5862,12000
0,5863,12000
0,5864,19000
0,5865,11000
0,5866,18000
0,5867,19000
0,5868,11000
0,5869,18000
0,5870,18000
0,5871,10000
0,5872,10000
0,5873,17000
0,5874,20000
0,5875,10000
0,5876,18000
0,5877,19000
0,5878,19000
0,5879,18000
0,5880,13000
0,5881,12000
0,5882,13000
0,5883,10000
0,5884,10000
0,5885,13000
0,5886,14000
0,5887,15000
0,5888,19000
0,5889,14000
0,5890,15000
0,5891,9000
0,5892,14000
0,5893,10000
0,5894,16000
0,5895,17000
0,5896,10000
0,5897,18000
0,5898,13000
0,5899,17000
0,5900,12000
0,5901,16000
0,5902,17000
0,5903,19000
0,5904,12000
0,5905,12000
0,5906,18000
0,5907,11000
0,5908,19000
0,5909,15000
0,5910,17000
0,5911,14000
0,5912,13000
0,5913,10000
0,5914,18000
0,5915,11000
0,5916,19000
0,5917,11000
0,5918,12000
0,5919,19000
0,5920,20000
0,5921,11000
0,5922,14000
0,5923,18000
0,5924,18000
0,5925,9000
0,5926,11000
0,5927,19000
0,5928,20000
0,5929,13000
0,5930,10000
0,5931,14000
0,5932,16000
0,5933,19000
0,5934,10000
0,5935,18000
0,5936,11000
0,5937,11000
0,5938,17000
0,5939,11000
0,5940,10000
0,5941,13000
0,5942,19000
0,5943,10000
0,5944,10000
0,5945,12000
0,5946,10000
0,5947,14000
0,5948,14000
0,5949,18000
0,5950,19000
0,5951,14000
0,5952,18000
0,5953,17000
0,5954,15000
0,5955,15000
0,5956,17000
0,5957,14000
0,5958,19000
0,5959,18000
0,5960,19000
0,5961,19000
0,5962,19000
0,5963,15000
0,5964,11000
0,5965,11000
0,5966,11000
0,5967,16000
0,5968,15000
0,5969,10000
0,5970,17000
0,5971,11000
0,5972,10000
0,5973,17000
0,5974,15000
0,5975,17000
0,5976,19000
0,5977,11000
0,5978,12000
0,5979,18000
0,5980,16000
0,5981,13000
0,5982,13000
0,5983,14000
0,5984,18000
0,5985,11000
0,5986,11000
0,5987,16000
0,5988,17000
0,5989,16000
0,5990,17000
0,5991,19000
0,5992,14000
0,5993,9000
0,5994,17000
0,5995,10000
0,5996,9000
0,5997,12000
0,5998,16000
0,5999,14000
0,6000,11000
0,6001,18000
0,6002,19000
0,6003,19000
0,6004,12000
0,6005,18000
0,6006,11000
0,6007,13000
0,6008,13000
0,6009,10000
0,6010,13000
0,6011,11000
0,6012,12000
0,6013,20000
0,6014,20000
0,6015,14000
0,6016,19000
0,6017,11000
0,6018,11000
0,6019,15000
0,6020,18000
0,6021,16000
0,6022,11000
0,6023,12000
0,6024,13000
0,6025,18000
0,6026,11000
0,6027,10000
0,6028,18000
0,6029,12000
0,6030,14000
0,6031,12000
0,6032,13000
0,6033,10000
0,6034,13000
0,6035,19000
0,6036,19000
0,6037,19000
0,6038,9000
0,6039,12000
0,6040,13000
0,6041,16000
0,6042,11000
0,6043,16000
0,6044,10000
0,6045,15000
0,6046,18000
0,6047,13000
0,6048,16000
0,6049,14000
0,6050,11000
0,6051,13000
0,6052,13000
0,6053,13000
0,6054,11000
0,6055,16000
0,6056,18000
0,6057,19000
0,6058,13000
0,6059,9000
0,6060,14000
0,6061,11000
0,6062,17000
0,6063,18000
0,6064,19000
0,6065,12000
0,6066,17000
0,6067,19000
0,6068,13000
0,6069,14000
0,6070,19000
0,6071,17000
0,6072,13000
0,6073,16000
0,6074,12000
0,6075,12000
0,6076,20000
0,6077,11000
0,6078,10000
0,6079,10000
0,6080,18000
0,6081,17000
0,6082,19000
0,6083,14000
0,6084,11000
0,6085,18000
0,6086,17000
0,6087,17000
0,6088,11000
0,6089,20000
0,6090,20000
0,6091,12000
0,6092,16000
0,6093,20000
0,6094,13000
0,6095,19000
0,6096,11000
0,6097,16000
0,6098,13000
0,6099,17000
0,6100,15000
0,6101,18000
0,6102,19000
0,6103,11000
0,6104,12000
0,6105,15000
0,6106,13000
0,6107,19000
0,6108,13000
0,6109,10000
0,6110,10000
0,6111,13000
0,6112,19000
0,6113,17000
0,6114,14000
0,6115,11000
0,6116,17000
0,6117,19000
0,6118,17000
0,6119,17000
0,6120,15000
0,6121,10000
0,6122,11000
0,6123,16000
0,6124,13000
0,6125,19000
0,6126,17000
0,6127,14000
0,6128,17000
0,6129,12000
0,6130,11000
0,6131,18000
0,6132,14000
0,6133,12000
0,6134,11000
0,6135,10000
0,6136,16000
0,6137,11000
0,6138,19000
0,6139,18000
0,6140,17000
0,6141,15000
0,6142,15000
0,6143,15000
0,6144,16000
0,6145,16000
0,6146,17000
0,6147,17000
0,6148,17000
0,6149,19000
0,6150,12000
0,6151,10000
0,6152,13000
0,6153,13000
0,6154,14000
0,6155,11000
0,6156,14000
0,6157,14000
0,6158,19000
0,6159,16000
0,6160,14000
0,6161,11000
0,6162,19000
0,6163,19000
0,6164,13000
0,6165,10000
0,6166,12000
0,6167,12000
0,6168,14000
0,6169,10000
0,6170,14000
0,6171,19000
0,6172,12000
0,6173,11000
0,6174,18000
0,6175,17000
0,6176,13000
0,6177,13000
0,6178,11000
0,6179,17000
0,6180,17000
0,6181,16000
0,6182,10000
0,6183,12000
0,6184,15000
0,6185,18000
0,6186,14000
0,6187,12000
0,6188,14000
0,6189,10000
0,6190,18000
0,6191,11000
0,6192,12000
0,6193,14000
0,6194,16000
0,6195,14000
0,6196,11000
0,6197,13000
0,6198,13000
0,6199,12000
0,6200,15000
0,6201,14000
0,6202,14000
0,6203,11000
0,6204,16000
0,6205,11000
0,6206,11000
0,6207,12000
0,6208,14000
0,6209,13000
0,6210,14000
0,6211,12000
0,6212,13000
0,6213,11000
0,6214,15000
0,6215,19000
0,6216,16000
0,6217,17000
0,6218,15000
0,6219,15000
0,6220,12000
0,6221,17000
0,6222,14000
0,6223,12000
0,6224,10000
0,6225,12000
0,6226,20000
0,6227,15000
0,6228,10000
0,6229,13000
0,6230,17000
0,6231,13000
0,6232,13000
0,6233,13000
0,6234,17000
0,6235,15000
0,6236,10000
0,6237,15000
0,6238,16000
0,6239,19000
0,6240,11000
0,6241,18000
0,6242,16000
0,6243,11000
0,6244,16000
0,6245,15000
0,6246,13000
0,6247,17000
0,6248,15000
0,6249,10000
0,6250,14000
0,6251,15000
0,6252,13000
0,6253,18000
0,6254,16000
0,6255,17000
0,6256,17000
0,6257,20000
0,6258,17000
0,6259,15000
0,6260,17000
0,6261,19000
0,6262,15000
0,6263,11000
0,6264,12000
0,6265,19000
0,6266,11000
0,6267,10000
0,6268,12000
0,6269,10000
0,6270,10000
0,6271,19000
0,6272,18000
0,6273,14000
0,6274,19000
0,6275,14000
0,6276,16000
0,6277,10000
0,6278,18000
0,6279,11000
0,6280,13000
0,6281,11000
0,6282,18000
0,6283,15000
0,6284,11000
0,6285,19000
0,6286,19000
0,6287,20000
0,6288,17000
0,6289,17000
0,6290,10000
0,6291,12000
0,6292,19000
0,6293,16000
0,6294,12000
0,6295,19000
0,6296,13000
0,6297,12000
0,6298,11000
0,6299,17000
0,6300,14000
0,6301,14000
0,6302,11000
0,6303,14000
0,6304,20000
0,6305,12000
0,6306,19000
0,6307,17000
0,6308,15000
0,6309,11000
0,6310,18000
0,6311,17000
0,6312,15000
0,6313,18000
0,6314,15000
0,6315,17000
0,6316,10000
0,6317,10000
0,6318,11000
0,6319,14000
0,6320,15000
0,6321,20000
0,6322,15000
0,6323,14000
0,6324,10000
0,6325,14000
0,6326,18000
0,6327,18000
0,6328,17000
0,6329,10000
0,6330,15000
0,6331,14000
0,6332,13000
0,6333,10000
0,6334,15000
0,6335,14000
0,6336,17000
0,6337,14000
0,6338,18000
0,6339,12000
0,6340,19000
0,6341,13000
0,6342,10000
0,6343,15000
0,6344,17000
0,6345,9000
0,6346,15000
0,6347,11000
0,6348,19000
0,6349,18000
0,6350,19000
0,6351,15000
0,6352,17000
0,6353,16000
0,6354,15000
0,6355,19000
0,6356,17000
0,6357,20000
0,6358,17000
0,6359,15000
0,6360,17000
0,6361,13000
0,6362,11000
0,6363,14000
0,6364,12000
0,6365,10000
0,6366,15000
0,6367,18000
0,6368,11000
0,6369,12000
0,6370,11000
0,6371,13000
0,6372,14000
0,6373,12000
0,6374,10000
0,6375,19000
0,6376,15000
0,6377,19000
0,6378,10000
0,6379,12000
0,6380,18000
0,6381,14000
0,6382,17000
0,6383,16000
0,6384,19000
0,6385,10000
0,6386,17000
0,6387,10000
0,6388,11000
0,6389,15000
0,6390,18000
0,6391,12000
0,6392,10000
0,6393,18000
0,6394,18000
0,6395,10000
0,6396,11000
0,6397,12000
0,6398,19000
0,6399,11000
0,6400,14000
0,6401,19000
0,6402,19000
0,6403,19000
0,6404,10000
0,6405,13000
0,6406,15000
0,6407,16000
0,6408,15000
0,6409,17000
0,6410,13000
0,6411,19000
0,6412,19000
0,6413,16000
0,6414,15000
0,6415,10000
0,6416,14000
0,6417,16000
0,6418,18000
0,6419,12000
0,6420,17000
0,6421,13000
0,6422,12000
0,6423,11000
0,6424,11000
0,6425,11000
0,6426,13000
0,6427,13000
0,6428,14000
0,6429,15000
0,6430,17000
0,6431,11000
0,6432,16000
0,6433,13000
0,6434,10000
0,6435,11000
0,6436,12000
0,6437,16000
0,6438,19000
0,6439,15000
0,6440,10000
0,6441,16000
0,6442,10000
0,6443,18000
0,6444,13000
0,6445,19000
0,6446,15000
0,6447,14000
0,6448,10000
0,6449,15000
0,6450,20000
0,6451,14000
0,6452,16000
0,6453,13000
0,6454,14000
0,6455,18000
0,6456,10000
0,6457,11000
0,6458,19000
0,6459,16000
0,6460,12000
0,6461,11000
0,6462,10000
0,6463,19000
0,6464,14000
0,6465,19000
0,6466,14000
0,6467,16000
0,6468,13000
0,6469,16000
0,6470,14000
0,6471,15000
0,6472,12000
0,6473,15000
0,6474,14000
0,6475,13000
0,6476,11000
0,6477,20000
0,6478,13000
0,6479,11000
0,6480,13000
0,6481,16000
0,6482,10000
0,6483,13000
0,6484,20000
0,6485,16000
0,6486,17000
0,6487,18000
0,6488,12000
0,6489,10000
0,6490,17000
0,6491,14000
0,6492,15000
0,6493,19000
0,6494,10000
0,6495,14000
0,6496,16000
0,6497,17000
0,6498,13000
0,6499,12000
0,6500,13000
0,6501,19000
0,6502,11000
0,6503,10000
0,6504,17000
0,6505,19000
0,6506,10000
0,6507,14000
0,6508,15000
0,6509,9000
0,6510,18000
0,6511,13000
0,6512,14000
0,6513,9000
0,6514,10000
0,6515,18000
0,6516,12000
0,6517,13000
0,6518,11000
0,6519,16000
0,6520,11000
0,6521,18000
0,6522,11000
0,6523,12000
0,6524,12000
0,6525,11000
0,6526,17000
0,6527,17000
0,6528,16000
0,6529,15000
0,6530,11000
0,6531,19000
0,6532,15000
0,6533,11000
0,6534,15000
0,6535,15000
0,6536,11000
0,6537,14000
0,6538,19000
0,6539,20000
0,6540,10000
0,6541,12000
0,6542,10000
0,6543,17000
0,6544,12000
0,6545,18000
0,6546,16000
0,6547,12000
0,6548,18000
0,6549,17000
0,6550,19000
0,6551,19000
0,6552,15000
0,6553,11000
0,6554,12000
0,6555,15000
0,6556,12000
0,6557,15000
0,6558,17000
0,6559,18000
0,6560,14000
0,6561,14000
0,6562,12000
0,6563,17000
0,6564,12000
0,6565,18000
0,6566,17000
0,6567,11000
0,6568,17000
0,6569,20000
0,6570,18000
0,6571,20000
0,6572,17000
0,6573,14000
0,6574,16000
0,6575,15000
0,6576,15000
0,6577,18000
0,6578,19000
0,6579,13000
0,6580,12000
0,6581,17000
0,6582,10000
0,6583,14000
0,6584,13000
0,6585,16000
0,6586,13000
0,6587,19000
0,6588,12000
0,6589,12000
0,6590,18000
0,6591,10000
0,6592,17000
0,6593,16000
0,6594,16000
0,6595,15000
0,6596,10000
0,6597,12000
0,6598,19000
0,6599,13000
0,6600,14000
0,6601,19000
0,6602,13000
0,6603,17000
0,6604,13000
0,6605,18000
0,6606,10000
0,6607,13000
0,6608,10000
0,6609,18000
0,6610,13000
0,6611,18000
0,6612,14000
0,6613,14000
0,6614,15000
0,6615,14000
0,6616,13000
0,6617,18000
0,6618,14000
0,6619,17000
0,6620,14000
0,6621,11000
0,6622,16000
0,6623,19000
0,6624,12000
0,6625,15000
0,6626,19000
0,6627,14000
0,6628,15000
0,6629,12000
0,6630,13000
0,6631,12000
0,6632,18000
0,6633,17000
0,6634,18000
0,6635,17000
0,6636,19000
0,6637,11000
0,6638,17000
0,6639,12000
0,6640,13000
0,6641,17000
0,6642,15000
0,6643,16000
0,6644,17000
0,6645,16000
0,6646,12000
0,6647,12000
0,6648,14000
0,6649,19000
0,6650,11000
0,6651,17000
0,6652,18000
0,6653,10000
0,6654,14000
0,6655,19000
0,6656,10000
0,6657,11000
0,6658,15000
0,6659,18000
0,6660,18000
0,6661,18000
0,6662,15000
0,6663,13000
0,6664,12000
0,6665,13000
0,6666,11000
