policy,size_t,age_t,dvfs,preempt_n,preempt_gap,nseeds,mean_time_h,mean_energy_kwh,mean_edp,max_edp,min_edp
3,18000,0,0,0,0,8,25.284409722,0.384742514,9.728030001,9.871083201,9.594719271
2,12000,0,2,0,0,8,25.299965278,0.384646083,9.731551690,9.873715669,9.622005849
1,18000,5000,0,0,0,8,25.293159722,0.384781812,9.732424977,9.840929582,9.613922213
1,15000,20000,0,0,0,8,25.301215278,0.384805861,9.736095162,9.845688073,9.620851708
2,12000,0,0,0,0,8,25.307673611,0.384708069,9.736111996,9.873715669,9.607071407
2,10000,0,2,0,0,8,25.320694444,0.384657882,9.739828368,9.921895206,9.656176909
2,10000,0,0,0,0,8,25.323888889,0.384650354,9.740868261,9.933314248,9.657599560
1,15000,5000,0,0,0,8,25.319618056,0.384717722,9.740962685,9.869091064,9.623648495
2,10000,0,1,0,0,8,25.195833334,0.393585333,9.916751370,10.076562813,9.797333238
2,10000,0,3,0,0,8,25.197743056,0.393587472,9.917556396,10.076562813,9.797333238
1,18000,5000,4,0,0,8,25.852777778,0.396531257,10.251497893,10.427796451,10.113166048
3,18000,0,4,0,0,8,26.182916667,0.401465785,10.511652346,10.695601314,10.370259861
1,15000,20000,4,0,0,8,26.730069444,0.418835805,11.195587153,11.353943503,11.071719946
1,15000,5000,4,0,0,8,26.780243056,0.418698875,11.212885317,11.344280646,11.085571679
2,12000,0,1,0,0,8,24.980381944,0.458262181,11.460800955,20.034749752,10.164154140
2,12000,0,4,0,0,8,27.411354167,0.432325354,11.850655066,12.013930466,11.712260699
3,18000,0,2,0,0,8,24.438229167,0.485747972,11.870555708,19.324094137,8.541784675
1,15000,5000,3,0,0,8,24.634791667,0.490749354,12.093553669,20.222037639,10.444937320
2,12000,0,3,0,0,8,24.990833333,0.494862910,12.387909042,20.041929745,10.125165858
1,15000,20000,3,0,0,8,24.579861111,0.507859827,12.483877614,20.077653377,10.435456423
2,10000,0,4,0,0,8,28.037569444,0.445955042,12.503548297,12.673552985,12.337872162
1,18000,5000,2,0,0,8,24.668506944,0.510583917,12.603799850,21.753287207,8.698816698
1,15000,5000,2,0,0,8,24.854444444,0.543412465,13.501393896,21.074456618,9.086148321
1,15000,5000,1,0,0,8,24.526423611,0.564456889,13.830847723,20.648010523,10.051367834
1,18000,5000,1,0,0,8,23.855312500,0.609201389,14.548071890,23.060661483,10.161544165
1,15000,20000,2,0,0,8,24.882604167,0.621827542,15.481553184,20.050770850,9.134934726
3,18000,0,3,0,0,8,24.250520833,0.646639722,15.689877946,22.341741843,10.895143377
1,15000,20000,1,0,0,8,24.375694444,0.649070924,15.796439506,21.860017082,9.962203260
3,18000,0,1,0,0,8,23.723090278,0.719926555,17.062050904,21.479734361,9.896201134
1,18000,5000,3,0,0,8,24.293298611,0.704036868,17.100034057,23.531217231,11.141272173
