small,big,idle,small_first,small_p,big_p,policy,wake_threshold,time_h,energy_kwh,edp
0,1,4,1,3,3,0,1,67.768611111,0.379562000,25.722389571
0,1,6,1,3,3,0,1,67.768611111,0.379562000,25.722389571
0,2,4,1,3,3,0,1,33.890277778,0.379579333,12.864049045
0,2,6,1,3,3,0,1,34.166666667,0.379562000,12.968368333
0,3,4,1,3,3,0,1,28.642500000,0.409721556,11.735449655
0,3,6,1,3,3,0,1,28.664166667,0.379562000,10.879828428
0,4,4,1,3,3,0,1,26.533611111,0.444130889,11.784396288
0,4,6,1,3,3,0,1,26.553055556,0.379562000,10.078530873
1,0,4,1,3,3,0,1,112.885833333,0.316141222,35.687865322
1,0,6,1,3,3,0,1,112.885833333,0.316141222,35.687865322
1,1,4,1,3,3,0,1,42.355277778,0.355804556,15.070200785
1,1,4,0,3,3,0,1,42.353055556,0.355795889,15.069043049
1,1,6,1,3,3,0,1,42.700833333,0.355597889,15.184326187
1,1,6,0,3,3,0,1,42.560833333,0.355983667,15.150961506
1,2,4,1,3,3,0,1,29.984166667,0.380660111,11.413776215
1,2,4,0,3,3,0,1,29.984166667,0.380869556,11.420056232
1,2,6,1,3,3,0,1,30.400555556,0.364696333,11.086971142
1,2,6,0,3,3,0,1,30.399722222,0.365030000,11.096810603
1,3,4,1,3,3,0,1,27.236111111,0.418331667,11.393727755
1,3,4,0,3,3,0,1,27.236111111,0.418537222,11.399326289
1,3,6,1,3,3,0,1,27.665000000,0.368552556,10.196006449
1,3,6,0,3,3,0,1,27.665000000,0.368902556,10.205689199
1,4,4,1,3,3,0,1,25.708055556,0.454333444,11.680029431
1,4,4,0,3,3,0,1,25.707777778,0.455439222,11.708330316
1,4,6,1,3,3,0,1,25.752777778,0.371081889,9.556389422
1,4,6,0,3,3,0,1,25.751944444,0.371413222,9.564612665
2,0,4,1,3,3,0,1,56.450833333,0.316153000,17.847100311
2,0,6,1,3,3,0,1,56.727222222,0.316141222,17.933813367
2,1,4,1,3,3,0,1,32.201666667,0.349436333,11.252432327
2,1,4,0,3,3,0,1,32.206111111,0.349463333,11.254854943
2,1,6,1,3,3,0,1,32.754444444,0.344793000,11.293503163
2,1,6,0,3,3,0,1,32.758888889,0.345227778,11.309278414
2,2,4,1,3,3,0,1,28.121666667,0.390231556,10.973961728
2,2,4,0,3,3,0,1,28.118611111,0.390686889,10.985572695
2,2,6,1,3,3,0,1,28.243611111,0.355549667,10.042006516
2,2,6,0,3,3,0,1,28.243888889,0.355945556,10.053286722
2,3,4,1,3,3,0,1,26.235833333,0.429066222,11.256909895
2,3,4,0,3,3,0,1,26.231666667,0.429306778,11.261432292
2,3,6,1,3,3,0,1,26.440277778,0.361345667,9.554079800
2,3,6,0,3,3,0,1,26.487500000,0.361388444,9.572276422
2,4,4,1,3,3,0,1,25.074444444,0.466890667,11.707024083
2,4,4,0,3,3,0,1,25.073611111,0.466896778,11.706788235
2,4,6,1,3,3,0,1,25.249444444,0.364419444,9.201388517
2,4,6,0,3,3,0,1,25.281944444,0.364450556,9.214018698
3,0,4,1,3,3,0,1,37.634722222,0.316154111,11.898372151
3,0,6,1,3,3,0,1,38.003333333,0.316141222,12.014420249
3,1,4,1,3,3,0,1,29.267777778,0.359542333,10.523005114
3,1,4,0,3,3,0,1,29.268333333,0.359739556,10.528977225
3,1,6,1,3,3,0,1,29.468055556,0.338675000,9.980093715
3,1,6,0,3,3,0,1,29.465555556,0.339126111,9.992539267
3,2,4,1,3,3,0,1,26.864166667,0.402394889,10.810003361
3,2,4,0,3,3,0,1,26.870277778,0.402780222,10.822816455
3,2,6,1,3,3,0,1,27.093888889,0.349265222,9.462953124
3,2,6,0,3,3,0,1,27.093888889,0.349672778,9.473995389
3,3,4,1,3,3,0,1,25.478611111,0.442538111,11.275256435
3,3,4,0,3,3,0,1,25.478333333,0.442558333,11.275648736
3,3,6,1,3,3,0,1,25.738888889,0.354979556,9.136779338
3,3,6,0,3,3,0,1,25.655555556,0.355202000,9.112904644
3,4,4,1,3,3,0,1,24.572500000,0.482061111,11.845446653
3,4,4,0,3,3,0,1,24.570833333,0.566743111,13.925350526
3,4,6,1,3,3,0,1,24.614166667,0.742932889,18.286673949
3,4,6,0,3,3,0,1,24.900833333,0.793509667,19.759051958
4,0,4,1,3,3,0,1,30.921944444,0.324780111,10.042832552
4,0,6,1,3,3,0,1,31.475000000,0.316141222,9.950544969
4,1,4,1,3,3,0,1,27.652500000,0.372932889,10.312526710
4,1,4,0,3,3,0,1,27.653333333,0.373658000,10.332889227
4,1,6,1,3,3,0,1,28.067500000,0.334314778,9.383380025
4,1,6,0,3,3,0,1,28.099722222,0.335334444,9.422804740
4,2,4,1,3,3,0,1,25.962222222,0.416090111,10.802623929
4,2,4,0,3,3,0,1,25.959444444,0.416645667,10.815890037
4,2,6,1,3,3,0,1,26.501666667,0.344801556,9.137815891
4,2,6,0,3,3,0,1,26.002222222,0.345426889,8.981866726
4,3,4,1,3,3,0,1,24.895277778,0.456335111,11.360589351
4,3,4,0,3,3,0,1,24.896944444,0.540810111,13.464519291
4,3,6,1,3,3,0,1,25.307500000,0.350992667,8.882746912
4,3,6,0,3,3,0,1,25.292500000,0.351435222,8.888675358
4,4,4,1,3,3,0,1,24.163611111,0.496936778,12.007787045
4,4,4,0,3,3,0,1,24.164722222,0.583091889,14.090253525
4,4,6,1,3,3,0,1,24.205555556,0.355489778,8.604827565
4,4,6,0,3,3,0,1,24.230277778,0.355531222,8.614620273
