small,big,small_idle,big_idle,small_first,initial_awake,small_p,big_p,policy,wake_threshold,seed,time_h,energy_kwh,edp
4,4,6,6,1,4,2,2,0,2,3,23.665000000,0.455529833,10.780113506
4,4,6,6,1,4,2,2,0,2,0,23.328333333,0.454031500,10.591798176
4,4,6,6,1,4,2,2,0,2,1,23.477777778,0.981149500,23.035209928
4,4,6,6,1,4,2,2,0,2,2,23.230555556,0.451492667,10.488425476
4,4,6,6,1,4,2,2,0,2,6,23.399166667,0.456673667,10.685783239
4,4,6,6,1,4,2,2,0,2,4,23.661944444,0.937103167,22.173683068
4,4,6,6,1,4,2,2,0,2,7,23.452222222,0.454252667,10.653234484
4,4,6,6,1,4,2,2,0,2,5,23.468611111,0.884063167,20.747734656
4,4,6,6,1,4,2,3,0,2,0,23.785277778,0.826592889,19.660741471
4,4,6,6,1,4,2,3,0,2,1,23.884444444,0.871663167,20.819190479
4,4,6,6,1,4,2,3,0,2,2,23.801666667,0.876011500,20.850533719
4,4,6,6,1,4,2,3,0,2,3,24.022500000,0.393492667,9.452677585
4,4,6,6,1,4,2,3,0,2,4,24.057500000,0.391703722,9.423412297
4,4,6,6,1,4,2,3,0,2,5,23.974444444,0.884710889,21.210452055
4,4,6,6,1,4,2,3,0,2,6,23.546666667,0.687576444,16.190133345
4,4,6,6,1,4,2,3,0,2,7,23.929166667,0.877221611,20.991182136
4,4,6,6,1,4,2,4,0,2,0,24.822222222,0.434756500,10.791622456
4,4,6,6,1,4,2,4,0,2,1,25.031666667,0.436123833,10.916906421
4,4,6,6,1,4,2,4,0,2,2,24.721388889,0.630012833,15.574792258
4,4,6,6,1,4,2,4,0,2,3,25.225277778,0.434825333,10.968589818
4,4,6,6,1,4,2,4,0,2,5,24.870555556,0.433505667,10.781526766
4,4,6,6,1,4,2,4,0,2,4,25.349166667,0.433673000,10.993249156
4,4,6,6,1,4,2,4,0,2,6,24.961944444,0.433829833,10.829236198
4,4,6,6,1,4,2,4,0,2,7,24.639166667,0.822432833,20.264059653
4,4,6,6,1,4,3,2,0,2,1,23.591388889,0.909709778,21.461317144
4,4,6,6,1,4,3,2,0,2,0,23.485833333,0.576192778,13.532367547
4,4,6,6,1,4,3,2,0,2,2,23.530833333,0.428009778,10.071426746
4,4,6,6,1,4,3,2,0,2,3,23.706666667,0.431532444,10.230195816
4,4,6,6,1,4,3,2,0,2,4,23.769444444,0.912255556,21.683807747
4,4,6,6,1,4,3,2,0,2,5,23.554166667,0.429051222,10.105943997
4,4,6,6,1,4,3,2,0,2,6,23.621944444,0.431564556,10.194393956
4,4,6,6,1,4,3,2,0,2,7,23.662500000,0.433466889,10.256910258
4,4,6,6,1,4,3,3,0,2,0,24.164722222,0.354552333,8.567658648
4,4,6,6,1,4,3,3,0,2,1,24.355555556,0.354705111,8.639040040
4,4,6,6,1,4,3,3,0,2,2,24.225555556,0.352165556,8.531406231
4,4,6,6,1,4,3,3,0,2,3,24.922777778,0.354773889,8.841950794
4,4,6,6,1,4,3,3,0,2,4,24.521944444,0.352432111,8.642320649
4,4,6,6,1,4,3,3,0,2,5,24.685555556,0.831758000,20.532408318
4,4,6,6,1,4,3,3,0,2,6,24.249444444,0.352576667,8.549788291
4,4,6,6,1,4,3,3,0,2,7,24.213611111,0.352627111,8.538375736
4,4,6,6,1,4,3,4,0,2,0,26.199166667,0.390669667,10.235219709
4,4,6,6,1,4,3,4,0,2,1,26.415555556,0.391862889,10.351275912
4,4,6,6,1,4,3,4,0,2,2,25.927500000,0.388805556,10.080756042
4,4,6,6,1,4,3,4,0,2,3,26.510833333,0.393277889,10.426124566
4,4,6,6,1,4,3,4,0,2,4,26.284444444,0.389115778,10.227692043
4,4,6,6,1,4,3,4,0,2,5,26.267500000,0.391074333,10.272545051
4,4,6,6,1,4,3,4,0,2,6,25.932500000,0.390909444,10.137259168
4,4,6,6,1,4,4,2,0,2,0,23.797777778,0.816416333,19.428894475
4,4,6,6,1,4,3,4,0,2,7,25.868888889,0.390234111,10.094922861
4,4,6,6,1,4,4,2,0,2,1,24.220277778,0.472263333,11.438349118
4,4,6,6,1,4,4,2,0,2,2,23.738333333,0.470296667,11.164059039
4,4,6,6,1,4,4,2,0,2,3,24.466944444,0.473411833,11.582941026
4,4,6,6,1,4,4,2,0,2,4,24.179722222,0.660899500,15.980366327
4,4,6,6,1,4,4,2,0,2,5,24.072222222,0.472408667,11.371926404
4,4,6,6,1,4,4,2,0,2,6,23.848055556,0.471785833,11.251174764
4,4,6,6,1,4,4,2,0,2,7,24.096944444,0.568135667,13.690333597
4,4,6,6,1,4,4,3,0,2,0,25.105277778,0.386035333,9.691524275
4,4,6,6,1,4,4,3,0,2,1,25.353333333,0.385922722,9.784427417
4,4,6,6,1,4,4,3,0,2,2,25.010833333,0.383507333,9.591837996
4,4,6,6,1,4,4,3,0,2,3,25.600555556,0.385780833,9.876203656
4,4,6,6,1,4,4,3,0,2,4,25.586944444,0.383828778,9.821005613
4,4,6,6,1,4,4,3,0,2,5,25.321666667,0.385410611,9.759239024
4,4,6,6,1,4,4,3,0,2,6,25.102222222,0.384279278,9.646263826
4,4,6,6,1,4,4,3,0,2,7,25.099444444,0.384798556,9.658229967
4,4,6,6,1,4,4,4,0,2,0,28.286388889,0.454234500,12.848653714
4,4,6,6,1,4,4,4,0,2,1,28.378055556,0.454026833,12.884398700
4,4,6,6,1,4,4,4,0,2,3,28.656944444,0.454063333,13.012067718
4,4,6,6,1,4,4,4,0,2,2,28.126388889,0.451240667,12.691770473
4,4,6,6,1,4,4,4,0,2,4,28.304722222,0.451817000,12.788554680
4,4,6,6,1,4,4,4,0,2,5,28.292500000,0.453760667,12.838023662
4,4,6,6,1,4,4,4,0,2,7,28.111111111,0.452814167,12.729109352
4,4,6,6,1,4,4,4,0,2,6,28.292222222,0.452492333,12.802013649
