name,policy,size_t,age_t,dvfs,preempt_n,preempt_gap,seed,time_h,energy_kwh,edp
A_12000_p1_g5000,2,12000,0,0,1,5000,64,25.686944444,0.384894667,9.886767920
A_12000_p1_g5000,2,12000,0,0,1,5000,65,25.123888889,0.385060667,9.674221405
A_12000_p1_g5000,2,12000,0,0,1,5000,66,25.590555556,0.386140333,9.881545652
A_12000_p1_g5000,2,12000,0,0,1,5000,67,25.578333333,0.385879889,9.870164425
A_12000_p1_g5000,2,12000,0,0,1,5000,68,25.263888889,0.384118500,9.704327104
A_12000_p1_g5000,2,12000,0,0,1,5000,69,25.313611111,0.384478167,9.732530792
A_12000_p1_g5000,2,12000,0,0,1,5000,70,25.296944444,0.385764667,9.758667341
A_12000_p1_g5000,2,12000,0,0,1,5000,71,25.775833333,0.385240889,9.929904945
A_12000_p1_g5000,2,12000,0,0,1,5000,72,25.425000000,0.384238333,9.769259625
A_12000_p1_g5000,2,12000,0,0,1,5000,74,25.374722222,0.384588833,9.758834816
A_12000_p1_g5000,2,12000,0,0,1,5000,73,25.804722222,0.384613333,9.924840230
A_12000_p1_g5000,2,12000,0,0,1,5000,75,25.430555556,0.383435500,9.750977785
A_12000_p1_g5000,2,12000,0,0,1,5000,76,25.506111111,0.384668222,9.811390417
A_12000_p1_g5000,2,12000,0,0,1,5000,77,25.201944444,0.383834333,9.673371545
A_12000_p1_g5000,2,12000,0,0,1,5000,78,25.026111111,0.384067611,9.611718710
A_12000_p1_g5000,2,12000,0,0,1,5000,79,25.328611111,0.384160944,9.730263166
A_12000_p1_g5000,2,12000,0,0,1,5000,80,25.158888889,0.382669167,9.627531045
A_12000_p1_g5000,2,12000,0,0,1,5000,82,25.125555556,0.384306111,9.655904545
A_12000_p1_g5000,2,12000,0,0,1,5000,81,24.938611111,0.384634278,9.592244674
A_12000_p1_g5000,2,12000,0,0,1,5000,83,25.046666667,0.382858722,9.589334796
A_12000_p1_g5000,2,12000,0,0,1,5000,84,24.952500000,0.384894722,9.604085556
A_12000_p1_g5000,2,12000,0,0,1,5000,86,25.517222222,0.386157056,9.853655399
A_12000_p1_g5000,2,12000,0,0,1,5000,85,25.014444444,0.385913000,9.653399299
A_12000_p1_g5000,2,12000,0,0,1,5000,87,25.662222222,0.386077889,9.907616580
A_12000_p1_g5000,2,12000,0,0,1,5000,88,25.576944444,0.384217222,9.827102547
A_12000_p1_g5000,2,12000,0,0,1,5000,90,25.148611111,0.383879167,9.654027876
A_12000_p1_g5000,2,12000,0,0,1,5000,89,25.498888889,0.385536778,9.830759459
A_12000_p1_g5000,2,12000,0,0,1,5000,91,25.427777778,0.385101111,9.792265475
A_12000_p1_g5000,2,12000,0,0,1,5000,92,25.401388889,0.384983167,9.779107132
A_12000_p1_g5000,2,12000,0,0,1,5000,94,25.168611111,0.385873389,9.711897263
A_12000_p1_g5000,2,12000,0,0,1,5000,93,25.547777778,0.385229389,9.841754821
A_12000_p1_g5000,2,12000,0,0,1,5000,95,25.802500000,0.385863667,9.956247259
A_12000_p1_g5000,2,12000,0,0,1,5000,98,25.305000000,0.384267056,9.723877841
A_12000_p1_g5000,2,12000,0,0,1,5000,96,25.356111111,0.384444278,9.748011823
A_12000_p1_g5000,2,12000,0,0,1,5000,97,25.698333333,0.384565444,9.882690980
A_12000_p1_g5000,2,12000,0,0,1,5000,99,25.470000000,0.383880667,9.777440580
A_12000_p1_g5000,2,12000,0,0,1,5000,101,25.446388889,0.383416111,9.756555470
A_12000_p1_g5000,2,12000,0,0,1,5000,102,25.786111111,0.384775833,9.921872391
A_12000_p1_g5000,2,12000,0,0,1,5000,100,25.141666667,0.385107722,9.682249983
A_12000_p1_g5000,2,12000,0,0,1,5000,103,25.323333333,0.384924333,9.747567201
A_12000_p1_g5000,2,12000,0,0,1,5000,106,25.357777778,0.383486000,9.724352769
A_12000_p1_g5000,2,12000,0,0,1,5000,105,25.728055556,0.386066722,9.932746077
A_12000_p1_g5000,2,12000,0,0,1,5000,104,25.437777778,0.384873889,9.790336458
A_12000_p1_g5000,2,12000,0,0,1,5000,107,25.445555556,0.386777556,9.841769778
A_12000_p1_g5000,2,12000,0,0,1,5000,109,25.483333333,0.383870611,9.782302740
A_12000_p1_g5000,2,12000,0,0,1,5000,110,25.552500000,0.385557167,9.851949501
A_12000_p1_g5000,2,12000,0,0,1,5000,108,25.391666667,0.385416222,9.786360243
A_12000_p1_g5000,2,12000,0,0,1,5000,111,25.562777778,0.383702000,9.808488959
A_12000_p1_g5000,2,12000,0,0,1,5000,112,25.368611111,0.384528500,9.754953978
A_12000_p1_g5000,2,12000,0,0,1,5000,113,25.337777778,0.385499667,9.767704887
A_12000_p1_g5000,2,12000,0,0,1,5000,114,25.932222222,0.385971222,10.009091506
A_12000_p1_g5000,2,12000,0,0,1,5000,115,25.225277778,0.383508667,9.674112647
A_12000_p1_g5000,2,12000,0,0,1,5000,117,25.514722222,0.385316778,9.831250553
A_12000_p1_g5000,2,12000,0,0,1,5000,116,25.884722222,0.385574722,9.980494581
A_12000_p1_g5000,2,12000,0,0,1,5000,118,25.395000000,0.384212111,9.757066562
A_12000_p1_g5000,2,12000,0,0,1,5000,119,25.349166667,0.385687167,9.776848269
A_12000_p1_g5000,2,12000,0,0,1,5000,120,25.398333333,0.384448556,9.764352564
A_12000_p1_g5000,2,12000,0,0,1,5000,122,25.261388889,0.383377389,9.684645312
A_12000_p1_g5000,2,12000,0,0,1,5000,121,25.306944444,0.385575778,9.757744787
A_12000_p1_g5000,2,12000,0,0,1,5000,123,25.570555556,0.385511167,9.857734705
A_12000_p1_g5000,2,12000,0,0,1,5000,124,25.314722222,0.385168167,9.750425148
A_12000_p1_g5000,2,12000,0,0,1,5000,125,25.167777778,0.385071222,9.691386950
A_12000_p1_g5000,2,12000,0,0,1,5000,126,25.362222222,0.384274722,9.746060899
B_10000_p4_g3000,2,10000,0,0,4,3000,64,25.605277778,0.384757333,9.851818397
B_10000_p4_g3000,2,10000,0,0,4,3000,65,25.152222222,0.384976389,9.683011684
B_10000_p4_g3000,2,10000,0,0,4,3000,66,25.388333333,0.386041444,9.800948872
B_10000_p4_g3000,2,10000,0,0,4,3000,67,25.328055556,0.385723389,9.769623423
B_10000_p4_g3000,2,10000,0,0,4,3000,68,25.520000000,0.384172778,9.804089289
B_10000_p4_g3000,2,10000,0,0,4,3000,69,25.396111111,0.384570944,9.766606435
A_12000_p1_g5000,2,12000,0,0,1,5000,127,25.408055556,0.383413556,9.741792920
B_10000_p4_g3000,2,10000,0,0,4,3000,70,25.210555556,0.385905278,9.728886445
B_10000_p4_g3000,2,10000,0,0,4,3000,71,25.565000000,0.384952222,9.841303561
B_10000_p4_g3000,2,10000,0,0,4,3000,72,25.762777778,0.384115556,9.895883699
B_10000_p4_g3000,2,10000,0,0,4,3000,73,25.488888889,0.384290444,9.795136440
B_10000_p4_g3000,2,10000,0,0,4,3000,74,25.608333333,0.384383889,9.843430755
B_10000_p4_g3000,2,10000,0,0,4,3000,75,25.495555556,0.383307111,9.772627746
B_10000_p4_g3000,2,10000,0,0,4,3000,76,25.653055556,0.384642611,9.867258272
B_10000_p4_g3000,2,10000,0,0,4,3000,77,25.328611111,0.383844222,9.722241032
B_10000_p4_g3000,2,10000,0,0,4,3000,78,25.121666667,0.383772500,9.641004821
B_10000_p4_g3000,2,10000,0,0,4,3000,79,25.193055556,0.384136778,9.677579183
B_10000_p4_g3000,2,10000,0,0,4,3000,80,24.953888889,0.382765611,9.551490530
B_10000_p4_g3000,2,10000,0,0,4,3000,81,24.998611111,0.384293444,9.606802370
B_10000_p4_g3000,2,10000,0,0,4,3000,82,25.271111111,0.384276778,9.711101149
B_10000_p4_g3000,2,10000,0,0,4,3000,83,25.093055556,0.382986833,9.610309886
B_10000_p4_g3000,2,10000,0,0,4,3000,84,24.945277778,0.384881556,9.600977315
B_10000_p4_g3000,2,10000,0,0,4,3000,85,25.160555556,0.385653833,9.703264699
B_10000_p4_g3000,2,10000,0,0,4,3000,86,25.359722222,0.386108056,9.791593037
B_10000_p4_g3000,2,10000,0,0,4,3000,87,25.410555556,0.386229556,9.814307579
B_10000_p4_g3000,2,10000,0,0,4,3000,88,25.738055556,0.384199778,9.888555225
B_10000_p4_g3000,2,10000,0,0,4,3000,89,25.391111111,0.385667167,9.792517881
B_10000_p4_g3000,2,10000,0,0,4,3000,90,25.224444444,0.383785556,9.680777425
B_10000_p4_g3000,2,10000,0,0,4,3000,91,25.638611111,0.385198333,9.875950269
B_10000_p4_g3000,2,10000,0,0,4,3000,93,25.282500000,0.385149500,9.737542234
B_10000_p4_g3000,2,10000,0,0,4,3000,92,25.503333333,0.384825444,9.814331585
B_10000_p4_g3000,2,10000,0,0,4,3000,94,25.416944444,0.385975500,9.810317840
B_10000_p4_g3000,2,10000,0,0,4,3000,95,25.856388889,0.385788222,9.975090303
B_10000_p4_g3000,2,10000,0,0,4,3000,97,25.634166667,0.384636222,9.859829026
B_10000_p4_g3000,2,10000,0,0,4,3000,96,25.302500000,0.384531389,9.729605467
B_10000_p4_g3000,2,10000,0,0,4,3000,98,25.556666667,0.384270500,9.820673078
B_10000_p4_g3000,2,10000,0,0,4,3000,99,25.101944444,0.383777667,9.633565668
B_10000_p4_g3000,2,10000,0,0,4,3000,101,25.338055556,0.383348556,9.713306998
B_10000_p4_g3000,2,10000,0,0,4,3000,100,25.043333333,0.384969667,9.640923686
B_10000_p4_g3000,2,10000,0,0,4,3000,102,25.887777778,0.384768444,9.960799986
B_10000_p4_g3000,2,10000,0,0,4,3000,103,25.265555556,0.384794333,9.722042606
B_10000_p4_g3000,2,10000,0,0,4,3000,105,25.667222222,0.385960667,9.906538200
B_10000_p4_g3000,2,10000,0,0,4,3000,104,25.349722222,0.384945556,9.758262904
B_10000_p4_g3000,2,10000,0,0,4,3000,106,25.545555556,0.383208167,9.789265511
B_10000_p4_g3000,2,10000,0,0,4,3000,107,25.551666667,0.386633167,9.879121797
B_10000_p4_g3000,2,10000,0,0,4,3000,108,25.382777778,0.385378889,9.781986697
B_10000_p4_g3000,2,10000,0,0,4,3000,109,25.742500000,0.383702722,9.877467327
B_10000_p4_g3000,2,10000,0,0,4,3000,110,25.832777778,0.385769000,9.965484851
B_10000_p4_g3000,2,10000,0,0,4,3000,111,25.497500000,0.383802500,9.786004244
B_10000_p4_g3000,2,10000,0,0,4,3000,112,25.425555556,0.384640500,9.779698402
B_10000_p4_g3000,2,10000,0,0,4,3000,113,25.581388889,0.385805722,9.869446216
B_10000_p4_g3000,2,10000,0,0,4,3000,114,25.997222222,0.385875667,10.031695456
B_10000_p4_g3000,2,10000,0,0,4,3000,115,25.655555556,0.383481444,9.838429502
B_10000_p4_g3000,2,10000,0,0,4,3000,117,25.293611111,0.384978500,9.737496465
B_10000_p4_g3000,2,10000,0,0,4,3000,116,25.935000000,0.385466056,9.997062151
B_10000_p4_g3000,2,10000,0,0,4,3000,118,25.576944444,0.384180056,9.826151938
B_10000_p4_g3000,2,10000,0,0,4,3000,119,25.560000000,0.385581778,9.855470240
B_10000_p4_g3000,2,10000,0,0,4,3000,120,25.640000000,0.384292222,9.853252578
B_10000_p4_g3000,2,10000,0,0,4,3000,121,25.385000000,0.385623833,9.789061009
B_10000_p4_g3000,2,10000,0,0,4,3000,122,25.345277778,0.383465556,9.719041024
B_10000_p4_g3000,2,10000,0,0,4,3000,123,25.379166667,0.385290000,9.778339125
B_10000_p4_g3000,2,10000,0,0,4,3000,124,25.454722222,0.385150167,9.803890506
B_10000_p4_g3000,2,10000,0,0,4,3000,125,25.275555556,0.385107000,9.733793373
B_10000_p4_g3000,2,10000,0,0,4,3000,126,25.404722222,0.384233000,9.761332634
B_10000_p4_g3000,2,10000,0,0,4,3000,127,25.498888889,0.383404111,9.776378829
