mode,preempt_n,size_t,size_dir,load_t,fast_small_p,fast_big_p,work_wake,nseeds,mean_time_h,mean_energy_kwh,mean_edp,max_edp,min_edp
5,256,0,0,999999,4,3,12000,32,25.368428819,0.384830066,9.762548448,9.945733453,9.646392888
2,1,12000,0,4,3,2,15000,32,25.377656250,0.384782866,9.764908304,9.968898773,9.557948696
5,1000000,12000,0,999999,4,3,0,32,25.377656250,0.384782866,9.764908304,9.968898773,9.557948696
1,256,15000,0,4,3,2,15000,32,25.376484375,0.384841960,9.765972990,10.010072191,9.611483416
5,256,0,0,999999,4,3,0,32,25.376484375,0.384841960,9.765972990,10.010072191,9.611483416
5,1000000,12000,0,999999,4,3,12000,32,25.390876736,0.384781753,9.769978357,9.946685422,9.571063931
4,1,15000,0,4,3,2,20000,32,25.389904514,0.384836812,9.771017454,9.926777249,9.586633443
4,1,15000,0,4,3,2,12000,32,25.404001736,0.384837905,9.776449064,9.971236716,9.581312120
5,1000000,0,0,999999,4,3,12000,32,25.404001736,0.384837905,9.776449064,9.971236716,9.581312120
4,1,15000,0,4,3,2,45000,32,25.426614583,0.384840005,9.785238271,10.001173300,9.545145030
