small,big,small_idle,big_idle,small_first,initial_awake,small_p,big_p,policy,wake_threshold,nseeds,mean_time_h,mean_energy_kwh,mean_edp,max_edp,min_edp
4,4,6,6,1,1,4,3,1,1,32,25.374427083,0.384811865,9.764432386,9.967831199,9.527207224
4,4,6,6,1,2,4,3,1,1,32,25.374427083,0.384873477,9.765996058,9.969682242,9.528529189
4,4,6,6,1,1,4,3,4,3,32,25.385833333,0.384847458,9.769716241,9.972360999,9.603563842
4,4,6,6,1,1,4,3,0,2,32,25.388828125,0.384808734,9.769910910,9.999228494,9.522559385
4,4,6,6,1,2,4,3,4,3,32,25.385833333,0.384904922,9.771174797,9.973600057,9.605422055
4,4,6,6,1,2,4,3,0,2,32,25.388828125,0.384866391,9.771373980,10.000795662,9.523786483
4,4,6,6,1,3,4,3,0,2,32,25.388828125,0.384921920,9.772783509,10.002401686,9.524874013
4,4,6,6,1,4,4,3,0,2,32,25.388828125,0.384989795,9.774506860,10.004242282,9.527418030
4,4,6,6,1,5,4,3,0,2,32,25.390069444,0.386470012,9.812906927,11.057765976,9.527120929
4,4,6,6,1,6,4,3,0,2,32,25.392960069,0.405808745,10.312616495,18.610427481,9.527728950
