small,big,small_idle,big_idle,small_first,initial_awake,small_p,big_p,policy,wake_threshold,time_h,energy_kwh,edp
4,4,6,6,1,4,3,3,0,2,24.164722222,0.354552333,8.567658648
4,4,6,6,1,4,3,3,2,8,24.237777778,0.353673444,8.572258352
4,4,6,6,1,4,3,3,3,4,24.200000000,0.354240444,8.572618756
4,4,6,6,1,4,3,3,2,3,24.192777778,0.354362556,8.573014559
4,4,6,6,1,7,3,3,0,2,24.164722222,0.355133333,8.581698352
4,4,6,6,1,7,3,3,4,4,24.228333333,0.354276222,8.583522404
4,4,6,6,1,4,3,3,4,4,24.228333333,0.354336111,8.584973412
4,4,6,6,1,4,3,3,0,1,24.205555556,0.354772444,8.587464114
4,4,6,6,1,7,3,3,2,8,24.237777778,0.354373444,8.589224797
4,4,6,6,1,4,3,3,0,3,24.240000000,0.354341556,8.589239307
4,4,6,6,1,2,3,3,0,1,24.205555556,0.354921556,8.591073431
4,4,6,6,1,2,3,3,4,2,24.276111111,0.353908889,8.591531510
4,4,6,6,1,7,3,3,3,7,24.238611111,0.354528222,8.593271706
4,4,6,6,1,4,3,3,2,4,24.246111111,0.354490111,8.595006622
4,4,6,6,1,7,3,3,3,4,24.200000000,0.355390000,8.600438000
4,4,6,6,1,2,3,3,1,1,24.260833333,0.354528778,8.601163590
4,4,6,6,1,4,3,3,1,1,24.260833333,0.354589667,8.602640805
4,4,6,6,1,7,3,3,0,4,24.218333333,0.355246111,8.603468734
4,4,6,6,1,7,3,3,0,1,24.205555556,0.355462333,8.604163257
4,4,6,6,1,4,3,3,0,4,24.218333333,0.355292000,8.604580087
4,4,6,6,1,4,3,3,3,8,24.233888889,0.355166778,8.607072230
4,4,6,6,1,2,3,3,2,4,24.246111111,0.355089556,8.609540818
4,4,6,6,1,2,3,3,3,3,24.246388889,0.355229556,8.613033949
4,4,6,6,1,7,3,3,3,8,24.233888889,0.355528444,8.615836820
4,4,6,6,1,7,3,3,2,4,24.246111111,0.355461556,8.618560372
4,4,6,6,1,4,3,3,1,2,24.365277778,0.354387444,8.634748525
4,4,6,6,1,4,3,3,0,6,24.377777778,0.354211667,8.634893296
4,4,6,6,1,4,3,3,0,8,24.387222222,0.354176667,8.637385076
4,4,6,6,1,2,3,3,2,6,24.390833333,0.354137556,8.637710095
4,4,6,6,1,4,3,3,0,7,24.372500000,0.354420111,8.638104158
4,4,6,6,1,4,3,3,2,6,24.390833333,0.354179778,8.638739930
4,4,6,6,1,4,3,3,2,5,24.350277778,0.354875111,8.641307532
4,4,6,6,1,7,3,3,2,5,24.350277778,0.355015111,8.644716571
4,4,6,6,1,4,3,3,0,5,24.422222222,0.354086444,8.647577832
4,4,6,6,1,7,3,3,2,6,24.390833333,0.354548444,8.647732017
4,4,6,6,1,7,3,3,0,7,24.372500000,0.354826889,8.648018349
4,4,6,6,1,2,3,3,1,5,24.421388889,0.354185778,8.649708618
4,4,6,6,1,4,3,3,4,8,24.408611111,0.354512667,8.653161815
4,4,6,6,1,7,3,3,1,4,24.407222222,0.354635556,8.655668812
4,4,6,6,1,2,3,3,2,5,24.350277778,0.355470667,8.655809475
4,4,6,6,1,7,3,3,1,5,24.421388889,0.354579556,8.659325218
4,4,6,6,1,2,3,3,0,5,24.422222222,0.354642333,8.661153874
4,4,6,6,1,4,3,3,2,1,24.433888889,0.354549222,8.663016301
4,4,6,6,1,4,3,3,2,7,24.413611111,0.354904667,8.664504514
4,4,6,6,1,7,3,3,0,8,24.387222222,0.355401667,8.667259423
4,4,6,6,1,7,3,3,0,6,24.377777778,0.355564222,8.667865595
4,4,6,6,1,4,3,3,4,5,24.470000000,0.354226444,8.667921096
4,4,6,6,1,4,3,3,4,6,24.471111111,0.354258333,8.669095037
4,4,6,6,1,2,3,3,2,1,24.433888889,0.354885000,8.671220658
4,4,6,6,1,7,3,3,2,7,24.413611111,0.355206444,8.671871999
4,4,6,6,1,7,3,3,1,6,24.428333333,0.355046222,8.673187465
4,4,6,6,1,2,3,3,2,7,24.413611111,0.355283222,8.673746422
4,4,6,6,1,4,3,3,4,3,24.551111111,0.353500000,8.678817778
4,4,6,6,1,4,3,3,3,6,24.469444444,0.354763111,8.680856238
4,4,6,6,1,7,3,3,4,6,24.471111111,0.354786444,8.682018503
4,4,6,6,1,4,3,3,3,5,24.472777778,0.354842444,8.683980289
4,4,6,6,1,4,3,3,3,1,24.563888889,0.353531111,8.684098932
4,4,6,6,1,7,3,3,4,7,24.435555556,0.355395444,8.684285127
4,4,6,6,1,7,3,3,4,5,24.470000000,0.354906222,8.684555258
4,4,6,6,1,7,3,3,2,1,24.433888889,0.355679333,8.690629311
4,4,6,6,1,2,3,3,2,2,24.451111111,0.355511889,8.692660697
4,4,6,6,1,2,3,3,3,1,24.563888889,0.354082333,8.697639094
4,4,6,6,1,2,3,3,4,1,24.496666667,0.355367222,8.705312387
4,4,6,6,1,4,3,3,4,1,24.496666667,0.355400111,8.706118055
4,4,6,6,1,7,3,3,3,5,24.472777778,0.356188778,8.716928805
4,4,6,6,1,7,3,3,1,1,24.503611111,0.402070778,9.852185978
4,4,6,6,1,7,3,3,0,5,24.248055556,0.448860111,10.883984911
4,4,6,6,1,7,3,3,1,3,24.614444444,0.497868000,12.254744227
4,4,6,6,1,2,3,3,4,6,24.441388889,0.546067000,13.346635906
4,4,6,6,1,2,3,3,2,8,24.613333333,0.544482111,13.401519695
4,4,6,6,1,4,3,3,1,3,24.503611111,0.549458778,13.463724212
4,4,6,6,1,2,3,3,4,7,24.179722222,0.591280556,14.296999589
4,4,6,6,1,2,3,3,0,8,24.231111111,0.595998667,14.441709914
4,4,6,6,1,7,3,3,3,1,24.429166667,0.639592556,15.624713138
4,4,6,6,1,7,3,3,2,3,24.445833333,0.639270667,15.627504172
4,4,6,6,1,7,3,3,3,2,24.456666667,0.642974444,15.725011663
4,4,6,6,1,4,3,3,1,4,24.422500000,0.647869778,15.822599648
4,4,6,6,1,4,3,3,3,2,24.456666667,0.647861111,15.844523241
4,4,6,6,1,4,3,3,4,2,24.233888889,0.700214111,16.968910967
4,4,6,6,1,4,3,3,3,3,24.546388889,0.697158111,17.112714112
4,4,6,6,1,7,3,3,1,8,24.234722222,0.734016444,17.788684638
4,4,6,6,1,2,3,3,3,5,24.397222222,0.734707000,17.924809947
4,4,6,6,1,2,3,3,1,6,24.198611111,0.741129778,17.934311275
4,4,6,6,1,2,3,3,4,5,24.469722222,0.733863667,17.957440072
4,4,6,6,1,2,3,3,4,3,24.215277778,0.744908778,18.038172973
4,4,6,6,1,4,3,3,2,2,24.185277778,0.746123556,18.045205448
4,4,6,6,1,2,3,3,3,4,24.517500000,0.736200556,18.049797121
4,4,6,6,1,4,3,3,4,7,24.233611111,0.745162111,18.057968815
4,4,6,6,1,7,3,3,0,3,24.630555556,0.735253889,18.109711758
4,4,6,6,1,7,3,3,3,3,24.435555556,0.742676556,18.147714233
4,4,6,6,1,2,3,3,0,2,24.354722222,0.749350222,18.250216509
4,4,6,6,1,2,3,3,3,2,24.408333333,0.748956889,18.280789396
4,4,6,6,1,2,3,3,0,3,24.630555556,0.743168889,18.304662605
4,4,6,6,1,2,3,3,1,3,24.601666667,0.744722889,18.321424271
4,4,6,6,1,4,3,3,1,7,24.206111111,0.782537222,18.942182950
4,4,6,6,1,7,3,3,1,7,24.206111111,0.782546556,18.942408873
4,4,6,6,1,7,3,3,4,3,24.221944444,0.783258667,18.972047910
4,4,6,6,1,2,3,3,0,7,24.257222222,0.784616333,19.032612757
4,4,6,6,1,4,3,3,1,8,24.405833333,0.783110222,19.112457565
4,4,6,6,1,2,3,3,1,8,24.388055556,0.784568667,19.134104230
4,4,6,6,1,2,3,3,1,2,24.360555556,0.785513667,19.135549316
4,4,6,6,1,4,3,3,3,7,24.423055556,0.784129667,19.150842412
4,4,6,6,1,7,3,3,4,2,24.536111111,0.781644778,19.178523117
4,4,6,6,1,2,3,3,4,4,24.445555556,0.785214444,19.195003325
4,4,6,6,1,7,3,3,1,2,24.509166667,0.786069778,19.265915195
4,4,6,6,1,4,3,3,1,5,24.594722222,0.789365889,19.414234769
4,4,6,6,1,4,3,3,1,6,24.680833333,0.793344111,19.580393782
4,4,6,6,1,2,3,3,3,6,24.250833333,0.829533556,20.116880000
4,4,6,6,1,2,3,3,0,6,24.221111111,0.832279333,20.158730208
4,4,6,6,1,2,3,3,4,8,24.238333333,0.831771222,20.160748141
4,4,6,6,1,2,3,3,1,7,24.266388889,0.831845222,20.185879658
4,4,6,6,1,2,3,3,3,7,24.423055556,0.828952000,20.245540749
4,4,6,6,1,7,3,3,4,1,24.291111111,0.836302778,20.314723698
4,4,6,6,1,2,3,3,3,8,24.478333333,0.832266889,20.372506329
4,4,6,6,1,2,3,3,0,4,24.551388889,0.833155778,20.455131505
4,4,6,6,1,2,3,3,1,4,24.566666667,0.833327222,20.472072093
4,4,6,6,1,2,3,3,2,3,24.511944444,0.836416000,20.502182524
4,4,6,6,1,7,3,3,4,8,24.170277778,0.876601333,21.187697727
4,4,6,6,1,7,3,3,3,6,24.384444444,0.877905000,21.407225700
4,4,6,6,1,7,3,3,2,2,24.565555556,0.878587333,21.582985947
