policy,size_t,age_t,dvfs,preempt_n,preempt_gap,seed,time_h,energy_kwh,edp
2,12000,0,0,1,5000,0,25.485833333,0.385480389,9.824288944
2,12000,0,0,1,5000,1,25.202777778,0.385879444,9.725233887
2,12000,0,0,1,5000,2,25.225555556,0.383276167,9.668354235
2,12000,0,0,1,5000,3,25.550555556,0.385582833,9.851855604
2,12000,0,0,1,5000,4,25.466111111,0.383283500,9.760740198
2,12000,0,0,1,5000,5,25.346666667,0.384903667,9.756024938
2,12000,0,0,1,5000,6,25.125833333,0.384102056,9.650884231
2,12000,0,0,1,5000,7,25.052500000,0.384396500,9.630093316
2,12000,0,0,1,5000,8,25.153055556,0.384520500,9.671865499
2,12000,0,0,1,5000,9,25.140833333,0.384576000,9.668561120
2,12000,0,0,1,5000,10,25.513055556,0.384130444,9.800341370
2,12000,0,0,1,5000,11,25.394166667,0.385270222,9.783616235
2,12000,0,0,1,5000,12,25.388055556,0.385181889,9.779019194
2,12000,0,0,1,5000,13,25.392500000,0.386570778,9.815998475
2,12000,0,0,1,5000,14,25.445000000,0.383845889,9.766958643
2,12000,0,0,1,5000,15,24.992500000,0.382532000,9.560431010
2,12000,0,0,1,5000,16,25.616944444,0.385432278,9.873597247
2,12000,0,0,1,5000,18,25.270833333,0.385140889,9.732831213
2,12000,0,0,1,5000,17,25.126388889,0.383751278,9.642283842
2,12000,0,0,1,5000,19,25.312500000,0.384430111,9.730887187
2,12000,0,0,1,5000,22,25.624166667,0.384572556,9.854351259
2,12000,0,0,1,5000,20,25.478611111,0.385604444,9.824665683
2,12000,0,0,1,5000,23,25.163611111,0.384671556,9.679725430
2,12000,0,0,1,5000,21,25.372500000,0.384860722,9.764878675
2,12000,0,0,1,5000,24,25.698888889,0.384533889,9.882093685
2,12000,0,0,1,5000,25,25.213055556,0.385129556,9.710292880
2,12000,0,0,1,5000,26,25.373888889,0.385511778,9.781933015
2,12000,0,0,1,5000,27,25.224166667,0.385632500,9.727258452
2,12000,0,0,1,5000,28,25.511666667,0.383568111,9.785461795
2,12000,0,0,1,5000,30,25.445555556,0.384013278,9.771431194
2,12000,0,0,1,5000,29,25.324722222,0.385007889,9.750217839
2,12000,0,0,1,5000,31,25.652777778,0.385881000,9.898919542
2,12000,0,0,2,7000,0,25.140000000,0.385776389,9.698418417
2,12000,0,0,2,7000,2,25.141388889,0.383149000,9.632898011
2,12000,0,0,2,7000,1,25.426111111,0.385956500,9.813372853
2,12000,0,0,2,7000,3,25.514444444,0.385645167,9.839522180
2,12000,0,0,2,7000,4,25.538333333,0.383384889,9.791011087
2,12000,0,0,2,7000,5,25.327222222,0.385139722,9.754519331
2,12000,0,0,2,7000,6,25.247222222,0.384146556,9.698633454
2,12000,0,0,2,7000,7,25.077777778,0.384508500,9.642618717
2,12000,0,0,2,7000,8,25.152777778,0.384526222,9.671902617
2,12000,0,0,2,7000,9,25.167500000,0.384507833,9.677100895
2,12000,0,0,2,7000,10,25.514166667,0.383927000,9.795577466
2,12000,0,0,2,7000,11,25.273333333,0.385220333,9.735801891
2,12000,0,0,2,7000,12,25.342222222,0.385052056,9.758074759
2,12000,0,0,2,7000,13,25.472777778,0.386651778,9.849094813
2,12000,0,0,2,7000,14,25.460000000,0.383840778,9.772586202
2,12000,0,0,2,7000,15,25.134444444,0.382748500,9.620170909
2,12000,0,0,2,7000,16,25.668611111,0.385599833,9.897812166
2,12000,0,0,2,7000,17,25.260277778,0.383749833,9.693627387
2,12000,0,0,2,7000,18,25.357500000,0.384992111,9.762437458
2,12000,0,0,2,7000,19,25.431111111,0.384487111,9.777934443
2,12000,0,0,2,7000,20,25.517222222,0.385753667,9.843362035
2,12000,0,0,2,7000,22,25.539444444,0.384650222,9.823752981
2,12000,0,0,2,7000,23,25.087500000,0.384579667,9.648142387
2,12000,0,0,2,7000,21,25.511111111,0.385035333,9.822679170
2,12000,0,0,2,7000,24,25.513611111,0.384591722,9.812323637
2,12000,0,0,2,7000,25,25.320555556,0.384957556,9.747339172
2,12000,0,0,2,7000,26,25.415277778,0.385460056,9.796574384
2,12000,0,0,2,7000,27,25.320833333,0.385473222,9.760503214
2,12000,0,0,2,7000,28,25.601944444,0.383451722,9.817109689
2,12000,0,0,2,7000,29,25.327777778,0.385012889,9.751520891
2,12000,0,0,2,7000,30,25.510833333,0.384087278,9.798386529
2,12000,0,0,2,7000,31,25.858055556,0.386022833,9.981799870
2,12000,0,0,0,0,0,25.306111111,0.385737722,9.761521658
2,12000,0,0,0,0,1,25.288611111,0.385776889,9.755761719
2,12000,0,0,0,0,2,25.067222222,0.383252333,9.607071407
2,12000,0,0,0,0,3,25.600277778,0.385687833,9.873715669
2,12000,0,0,0,0,4,25.575277778,0.383593111,9.810500370
2,12000,0,0,0,0,5,25.263055556,0.384990889,9.726046214
2,12000,0,0,0,0,6,25.278055556,0.384116167,9.709709801
2,12000,0,0,0,0,7,25.082777778,0.384509611,9.644569129
2,12000,0,0,0,0,8,25.145555556,0.384522222,9.669024901
2,12000,0,0,0,0,9,25.106111111,0.384586278,9.655465822
2,12000,0,0,0,0,10,25.378611111,0.384128444,9.748646408
2,12000,0,0,0,0,11,25.461111111,0.385169611,9.806846265
2,12000,0,0,0,0,12,25.390555556,0.385189222,9.780168346
2,12000,0,0,0,0,13,25.541111111,0.386817889,9.879758680
2,12000,0,0,0,0,15,24.923611111,0.382649611,9.537010099
2,12000,0,0,0,0,14,25.483888889,0.383992722,9.785627867
2,12000,0,0,0,0,16,25.751666667,0.385452111,9.926034281
2,12000,0,0,0,0,17,25.184166667,0.383833611,9.666529634
2,12000,0,0,0,0,18,25.468611111,0.385031833,9.806226029
2,12000,0,0,0,0,19,25.503055556,0.384590056,9.808221553
2,12000,0,0,0,0,20,25.297777778,0.385671167,9.756623470
2,12000,0,0,0,0,21,25.413888889,0.384990000,9.784093083
2,12000,0,0,0,0,22,25.550555556,0.384671333,9.828566273
2,12000,0,0,0,0,23,25.160833333,0.384466389,9.673494733
2,12000,0,0,0,0,24,25.898055556,0.384817278,9.966019239
2,12000,0,0,0,0,25,25.195000000,0.384933111,9.698389734
2,12000,0,0,0,0,26,25.410555556,0.385466667,9.794922148
2,12000,0,0,0,0,27,25.252500000,0.385391333,9.732094645
2,12000,0,0,0,0,28,25.451388889,0.383649889,9.764422519
2,12000,0,0,0,0,29,25.330833333,0.385016389,9.752785978
2,12000,0,0,0,0,30,25.508055556,0.383906833,9.792716833
2,12000,0,0,0,0,31,25.774722222,0.385927278,9.947168383
2,10000,0,0,4,3000,0,25.213333333,0.385861889,9.728864425
2,10000,0,0,4,3000,1,25.238611111,0.385630389,9.732775418
2,10000,0,0,4,3000,2,25.061666667,0.383124833,9.601746865
2,10000,0,0,4,3000,3,25.619444444,0.385650167,9.880143020
2,10000,0,0,4,3000,4,25.542500000,0.383345389,9.791599596
2,10000,0,0,4,3000,5,25.281944444,0.384977889,9.732989599
2,10000,0,0,4,3000,6,25.281388889,0.384103389,9.710667148
2,10000,0,0,4,3000,7,25.216388889,0.384520444,9.696217063
2,10000,0,0,4,3000,8,25.224166667,0.384589889,9.700959456
2,10000,0,0,4,3000,9,25.368055556,0.384633278,9.757398359
2,10000,0,0,4,3000,10,25.376111111,0.384104000,9.747065782
2,10000,0,0,4,3000,11,25.353888889,0.385123556,9.764379836
2,10000,0,0,4,3000,12,25.372777778,0.385152056,9.772377516
2,10000,0,0,4,3000,13,25.402222222,0.386806111,9.825734791
2,10000,0,0,4,3000,14,25.397500000,0.383725722,9.745674030
2,10000,0,0,4,3000,15,24.991944444,0.382752333,9.565725051
2,10000,0,0,4,3000,16,25.688611111,0.385315500,9.898220035
2,10000,0,0,4,3000,17,25.097222222,0.383957833,9.636275067
2,10000,0,0,4,3000,18,25.350000000,0.385039444,9.760749917
2,10000,0,0,4,3000,19,25.439444444,0.384453222,9.780276388
2,10000,0,0,4,3000,20,25.395555556,0.385903056,9.800222486
2,10000,0,0,4,3000,21,25.390555556,0.385021722,9.775915428
2,10000,0,0,4,3000,22,25.688333333,0.384648056,9.880967467
2,10000,0,0,4,3000,23,25.114722222,0.384326667,9.652257476
2,10000,0,0,4,3000,24,25.611388889,0.384494556,9.847439588
2,10000,0,0,4,3000,26,25.194722222,0.385364278,9.709145933
2,10000,0,0,4,3000,25,25.230277778,0.385130278,9.716943889
2,10000,0,0,4,3000,27,25.191111111,0.385447889,9.709860597
2,10000,0,0,4,3000,28,25.576666667,0.383690111,9.813514075
2,10000,0,0,4,3000,29,25.309722222,0.384810278,9.739441239
2,10000,0,0,4,3000,30,25.682500000,0.384078556,9.864097503
2,10000,0,0,4,3000,31,25.696388889,0.385810278,9.913930935
2,14000,0,0,1,7000,0,25.201388889,0.385547556,9.716333883
2,14000,0,0,1,7000,1,25.292500000,0.385850278,9.759118151
2,14000,0,0,1,7000,2,25.232500000,0.383170889,9.668359454
2,14000,0,0,1,7000,3,25.896111111,0.385727111,9.988832128
2,14000,0,0,1,7000,4,25.505833333,0.383383333,9.778511403
2,14000,0,0,1,7000,5,25.291944444,0.384913333,9.735206643
2,14000,0,0,1,7000,6,25.324166667,0.383943611,9.723051998
2,14000,0,0,1,7000,7,24.963611111,0.384388444,9.595723643
2,14000,0,0,1,7000,8,25.176111111,0.384379667,9.677185197
2,14000,0,0,1,7000,9,25.134444444,0.384265278,9.658294276
2,14000,0,0,1,7000,10,25.456111111,0.384151444,9.779001853
2,14000,0,0,1,7000,11,25.606388889,0.385402500,9.868766294
2,14000,0,0,1,7000,12,25.340555556,0.384966722,9.755270612
2,14000,0,0,1,7000,13,25.489444444,0.386522278,9.852238126
2,14000,0,0,1,7000,14,25.267777778,0.383806278,9.697931737
2,14000,0,0,1,7000,15,24.880277778,0.382588389,9.518905390
2,14000,0,0,1,7000,16,25.763611111,0.385362444,9.928328155
2,14000,0,0,1,7000,18,25.346666667,0.385136000,9.761913813
2,14000,0,0,1,7000,19,25.298888889,0.384580667,9.729463555
2,14000,0,0,1,7000,17,25.314722222,0.383792667,9.715604748
2,14000,0,0,1,7000,22,25.557777778,0.384738500,9.833061086
2,14000,0,0,1,7000,20,25.396944444,0.385807333,9.798327411
2,14000,0,0,1,7000,21,25.403611111,0.384974222,9.779735429
2,14000,0,0,1,7000,23,25.231944444,0.384507667,9.701876084
2,14000,0,0,1,7000,24,25.655555556,0.384542611,9.865654323
2,14000,0,0,1,7000,25,25.432222222,0.385098278,9.793904978
2,14000,0,0,1,7000,26,25.517777778,0.385404444,9.834664968
2,14000,0,0,1,7000,27,25.288333333,0.385651389,9.752480873
2,14000,0,0,1,7000,28,25.550555556,0.383392833,9.795899888
2,14000,0,0,1,7000,29,25.312777778,0.384915667,9.743284734
2,14000,0,0,1,7000,30,25.551944444,0.383950222,9.810674748
2,14000,0,0,1,7000,31,25.637500000,0.385554111,9.884643524
2,10000,0,0,2,3000,0,25.127500000,0.385751667,9.692975004
2,10000,0,0,2,3000,1,25.303333333,0.385716111,9.759903331
2,10000,0,0,2,3000,2,25.088055556,0.383070444,9.610492592
2,10000,0,0,2,3000,3,25.465833333,0.385664444,9.821266465
2,10000,0,0,2,3000,4,25.458888889,0.383473056,9.762797913
2,10000,0,0,2,3000,5,25.192222222,0.384879278,9.695964295
2,10000,0,0,2,3000,6,25.376388889,0.383994778,9.744400812
2,10000,0,0,2,3000,7,25.133888889,0.384462056,9.663026586
2,10000,0,0,2,3000,8,25.523888889,0.384427778,9.812091886
2,10000,0,0,2,3000,9,25.201666667,0.384425611,9.688166109
2,10000,0,0,2,3000,10,25.358055556,0.384166778,9.741722493
2,10000,0,0,2,3000,11,25.337777778,0.384941389,9.753559369
2,10000,0,0,2,3000,12,25.446388889,0.385068389,9.798599972
2,10000,0,0,2,3000,13,25.578611111,0.386751111,9.892556268
2,10000,0,0,2,3000,15,24.886388889,0.382701167,9.524050062
2,10000,0,0,2,3000,14,25.567500000,0.383856222,9.814243962
2,10000,0,0,2,3000,16,25.695833333,0.385339222,9.901612431
2,10000,0,0,2,3000,17,25.239444444,0.383962778,9.691007198
2,10000,0,0,2,3000,18,25.293888889,0.384888056,9.735315712
2,10000,0,0,2,3000,19,25.406388889,0.384502556,9.768821455
2,10000,0,0,2,3000,20,25.249444444,0.385729833,9.739463997
2,10000,0,0,2,3000,22,25.603055556,0.384801667,9.852098450
2,10000,0,0,2,3000,21,25.393333333,0.385037167,9.777377119
2,10000,0,0,2,3000,23,25.334722222,0.384411278,9.738952942
2,10000,0,0,2,3000,24,25.649444444,0.384276056,9.856467338
2,10000,0,0,2,3000,26,25.298055556,0.385408833,9.750094077
2,10000,0,0,2,3000,25,25.474444444,0.385157333,9.811669090
2,10000,0,0,2,3000,27,25.400277778,0.385525444,9.792453379
2,10000,0,0,2,3000,28,25.457222222,0.383652444,9.766725534
2,10000,0,0,2,3000,29,25.449166667,0.384846500,9.794022720
2,10000,0,0,2,3000,30,25.684166667,0.383834278,9.858463563
2,10000,0,0,2,3000,31,25.624722222,0.385924167,9.889199570
2,9000,0,0,2,6000,0,25.328333333,0.385811056,9.771951019
2,9000,0,0,2,6000,1,25.393333333,0.385933889,9.800147885
2,9000,0,0,2,6000,2,25.061388889,0.383203167,9.603603583
2,9000,0,0,2,6000,3,25.584444444,0.385851111,9.871786316
2,9000,0,0,2,6000,4,25.501388889,0.383538778,9.780771526
2,9000,0,0,2,6000,5,25.271111111,0.385175444,9.733811454
2,9000,0,0,2,6000,6,25.276111111,0.384208444,9.711295332
2,9000,0,0,2,6000,8,25.219444444,0.384513167,9.697208445
2,9000,0,0,2,6000,7,25.196388889,0.384643722,9.691632809
2,9000,0,0,2,6000,9,25.256388889,0.384689111,9.715857792
2,9000,0,0,2,6000,10,25.380277778,0.384208056,9.751307174
2,9000,0,0,2,6000,11,25.253611111,0.385171556,9.726972675
2,9000,0,0,2,6000,12,25.382222222,0.385091889,9.774487900
2,9000,0,0,2,6000,13,25.499444444,0.386769556,9.862408795
2,9000,0,0,2,6000,14,25.375000000,0.384003611,9.744091632
2,9000,0,0,2,6000,15,24.949444444,0.382680333,9.547661716
2,9000,0,0,2,6000,16,25.721944444,0.385339389,9.911678353
2,9000,0,0,2,6000,17,25.059444444,0.383942500,9.621385749
2,9000,0,0,2,6000,18,25.355000000,0.385332222,9.770098494
2,9000,0,0,2,6000,19,25.425833333,0.384577944,9.778214719
2,9000,0,0,2,6000,20,25.333055556,0.385713444,9.771300117
2,9000,0,0,2,6000,21,25.389722222,0.385147778,9.778795092
2,9000,0,0,2,6000,22,25.813055556,0.384984722,9.937632023
2,9000,0,0,2,6000,23,25.365833333,0.384466444,9.752311752
2,9000,0,0,2,6000,24,25.757777778,0.384566333,9.905574155
2,9000,0,0,2,6000,25,25.222777778,0.385023611,9.711364982
2,9000,0,0,2,6000,26,25.451944444,0.385503444,9.811812251
2,9000,0,0,2,6000,27,25.293055556,0.385612778,9.753325411
2,9000,0,0,2,6000,28,25.557500000,0.383621056,9.804395127
2,9000,0,0,2,6000,29,25.416388889,0.385211667,9.790689525
2,9000,0,0,2,6000,30,25.761388889,0.384066000,9.894073585
2,9000,0,0,2,6000,31,25.478888889,0.385986889,9.834517055
2,9000,0,0,1,7000,0,25.278055556,0.385845500,9.753423985
2,9000,0,0,1,7000,1,25.275277778,0.385861500,9.752756596
2,9000,0,0,1,7000,2,25.102500000,0.383186500,9.618939116
2,9000,0,0,1,7000,3,25.512500000,0.385702444,9.840233614
2,9000,0,0,1,7000,4,25.523888889,0.383509500,9.788653866
2,9000,0,0,1,7000,5,25.364166667,0.385195667,9.770167089
2,9000,0,0,1,7000,6,25.337500000,0.384173056,9.733984795
2,9000,0,0,1,7000,7,25.122500000,0.384544056,9.660708036
2,9000,0,0,1,7000,8,25.297777778,0.384601611,9.729566091
2,9000,0,0,1,7000,9,25.433611111,0.384643333,9.782868956
2,9000,0,0,1,7000,10,25.379444444,0.384214222,9.751143508
2,9000,0,0,1,7000,11,25.268333333,0.385320611,9.736409642
2,9000,0,0,1,7000,12,25.395277778,0.385259722,9.783777662
2,9000,0,0,1,7000,14,25.251666667,0.384203667,9.701782923
2,9000,0,0,1,7000,13,25.486111111,0.387010833,9.863401100
2,9000,0,0,1,7000,15,24.949444444,0.382673056,9.547480140
2,9000,0,0,1,7000,16,25.659722222,0.385459278,9.890777996
2,9000,0,0,1,7000,17,25.144166667,0.383998444,9.655320887
2,9000,0,0,1,7000,18,25.449166667,0.385165222,9.802133935
2,9000,0,0,1,7000,19,25.282222222,0.384554278,9.722386707
2,9000,0,0,1,7000,20,25.394722222,0.385890722,9.799587699
2,9000,0,0,1,7000,21,25.381944444,0.385148944,9.775829111
2,9000,0,0,1,7000,22,25.597222222,0.384864111,9.851452177
2,9000,0,0,1,7000,23,25.105555556,0.384405278,9.650708057
2,9000,0,0,1,7000,24,25.607500000,0.384632222,9.849469631
2,9000,0,0,1,7000,25,25.235000000,0.385246667,9.721699633
2,9000,0,0,1,7000,26,25.307222222,0.385498556,9.755897612
2,9000,0,0,1,7000,27,25.358333333,0.385708222,9.780917669
2,9000,0,0,1,7000,28,25.452777778,0.383561444,9.762704210
2,9000,0,0,1,7000,30,25.505833333,0.384182667,9.798899066
2,9000,0,0,1,7000,29,25.526111111,0.385041278,9.828606439
2,9000,0,0,1,7000,31,25.808055556,0.386149722,9.965773484
2,12000,0,0,4,6000,0,25.163055556,0.385714944,9.705766576
2,12000,0,0,4,6000,1,25.281944444,0.385777667,9.753209537
2,12000,0,0,4,6000,2,25.178333333,0.383101056,9.645846077
2,12000,0,0,4,6000,3,25.541944444,0.385575167,9.848339486
2,12000,0,0,4,6000,4,25.487222222,0.383685889,9.779087514
2,12000,0,0,4,6000,5,25.291111111,0.384998778,9.737046866
2,12000,0,0,4,6000,6,25.200000000,0.384006556,9.676965200
2,12000,0,0,4,6000,8,25.147777778,0.384525389,9.669959030
2,12000,0,0,4,6000,7,25.095000000,0.384525056,9.649656269
2,12000,0,0,4,6000,9,25.199722222,0.384462222,9.688341205
2,12000,0,0,4,6000,10,25.520277778,0.384126389,9.803012146
2,12000,0,0,4,6000,12,25.513888889,0.385242056,9.829023001
2,12000,0,0,4,6000,11,25.477222222,0.385109444,9.811518896
2,12000,0,0,4,6000,13,25.425000000,0.386567444,9.828477275
2,12000,0,0,4,6000,14,25.491666667,0.383796500,9.783612446
2,12000,0,0,4,6000,15,25.103888889,0.382797167,9.609697539
2,12000,0,0,4,6000,16,25.859166667,0.385481167,9.968221736
2,12000,0,0,4,6000,17,25.228611111,0.383804667,9.682858678
2,12000,0,0,4,6000,18,25.516944444,0.385016556,9.824446058
2,12000,0,0,4,6000,19,25.503888889,0.384597111,9.808721989
2,12000,0,0,4,6000,20,25.422500000,0.385923667,9.811144416
2,12000,0,0,4,6000,21,25.390000000,0.385051944,9.776468869
2,12000,0,0,4,6000,22,25.540555556,0.384665222,9.824563478
2,12000,0,0,4,6000,23,25.327500000,0.384418611,9.736362373
2,12000,0,0,4,6000,24,25.604444444,0.384435333,9.843253135
2,12000,0,0,4,6000,25,25.213888889,0.385111389,9.710155769
2,12000,0,0,4,6000,26,25.251111111,0.385518722,9.734776090
2,12000,0,0,4,6000,27,25.431944444,0.385519389,9.804507680
2,12000,0,0,4,6000,28,25.560833333,0.383510556,9.802849392
2,12000,0,0,4,6000,29,25.176944444,0.385204833,9.698280689
2,12000,0,0,4,6000,30,25.698055556,0.384045222,9.869215457
2,12000,0,0,4,6000,31,25.704722222,0.386015722,9.922426913
2,10000,0,0,2,7000,0,25.173611111,0.385690333,9.709218461
2,10000,0,0,2,7000,1,25.457222222,0.385695000,9.818723325
2,10000,0,0,2,7000,2,25.208888889,0.383280833,9.662083941
2,10000,0,0,2,7000,3,25.743888889,0.385620278,9.927365584
2,10000,0,0,2,7000,4,25.556111111,0.383547556,9.801983946
2,10000,0,0,2,7000,5,25.273333333,0.384955333,9.729104458
2,10000,0,0,2,7000,6,25.219444444,0.383985444,9.683899584
2,10000,0,0,2,7000,7,25.356666667,0.384349944,9.745833425
2,10000,0,0,2,7000,8,25.146388889,0.384484833,9.668405141
2,10000,0,0,2,7000,9,25.142777778,0.384521500,9.667938625
2,10000,0,0,2,7000,10,25.399166667,0.384293444,9.760733244
2,10000,0,0,2,7000,11,25.243333333,0.385227944,9.724437411
2,10000,0,0,2,7000,12,25.389166667,0.385160556,9.778905538
2,10000,0,0,2,7000,13,25.470833333,0.386688333,9.849274090
2,10000,0,0,2,7000,14,25.455000000,0.383980778,9.774230698
2,10000,0,0,2,7000,15,24.892500000,0.382678889,9.525834242
2,10000,0,0,2,7000,16,25.648055556,0.385366500,9.883901401
2,10000,0,0,2,7000,17,25.066388889,0.383815667,9.620872762
2,10000,0,0,2,7000,18,25.511388889,0.385229389,9.827736751
2,10000,0,0,2,7000,19,25.465000000,0.384424500,9.789369892
2,10000,0,0,2,7000,20,25.461388889,0.385653167,9.819265253
2,10000,0,0,2,7000,21,25.345833333,0.384873944,9.754950850
2,10000,0,0,2,7000,22,25.622500000,0.384739778,9.857994956
2,10000,0,0,2,7000,23,25.299722222,0.384455000,9.726604707
2,10000,0,0,2,7000,24,25.666388889,0.384394667,9.866023001
2,10000,0,0,2,7000,25,25.344722222,0.385131722,9.761056519
2,10000,0,0,2,7000,26,25.442222222,0.385553889,9.809347720
2,10000,0,0,2,7000,27,25.141944444,0.385490500,9.691980735
2,10000,0,0,2,7000,28,25.382500000,0.383543778,9.735299939
2,10000,0,0,2,7000,29,25.173611111,0.384789222,9.686534240
2,10000,0,0,2,7000,30,25.628888889,0.384129500,9.844812274
2,10000,0,0,2,7000,31,25.510833333,0.385720389,9.840048554
2,10000,0,0,2,4000,0,25.343333333,0.385835944,9.778368952
2,10000,0,0,2,4000,1,25.200555556,0.385658389,9.718805655
2,10000,0,0,2,4000,2,25.236111111,0.383254444,9.671851744
2,10000,0,0,2,4000,3,25.570000000,0.385482056,9.856776161
2,10000,0,0,2,4000,4,25.417777778,0.383310611,9.742903933
2,10000,0,0,2,4000,5,25.435833333,0.385185944,9.797525485
2,10000,0,0,2,4000,7,25.118888889,0.384456056,9.657108942
2,10000,0,0,2,4000,6,25.323888889,0.384041778,9.725431309
2,10000,0,0,2,4000,8,25.141111111,0.384309000,9.661955270
2,10000,0,0,2,4000,9,25.179444444,0.384484444,9.681104709
2,10000,0,0,2,4000,10,25.478611111,0.384179556,9.788361493
2,10000,0,0,2,4000,11,25.234722222,0.385241833,9.721470653
2,10000,0,0,2,4000,12,25.450000000,0.385070889,9.800054122
2,10000,0,0,2,4000,13,25.513055556,0.386665389,9.865015548
2,10000,0,0,2,4000,14,25.566666667,0.383855056,9.813894254
2,10000,0,0,2,4000,15,24.964722222,0.382579944,9.551002041
2,10000,0,0,2,4000,16,25.908333333,0.385436333,9.986013003
2,10000,0,0,2,4000,17,25.255555556,0.383765000,9.692198278
2,10000,0,0,2,4000,18,25.418333333,0.385122722,9.789177728
2,10000,0,0,2,4000,19,25.207500000,0.384550222,9.693549727
2,10000,0,0,2,4000,20,25.460000000,0.385662944,9.818978566
2,10000,0,0,2,4000,21,25.390277778,0.385062444,9.776842426
2,10000,0,0,2,4000,22,25.665000000,0.384697556,9.873262763
2,10000,0,0,2,4000,23,25.263333333,0.384512944,9.714078686
2,10000,0,0,2,4000,24,25.700000000,0.384349667,9.877786433
2,10000,0,0,2,4000,25,25.277500000,0.385072889,9.733679949
2,10000,0,0,2,4000,26,25.391111111,0.385474722,9.787631502
2,10000,0,0,2,4000,27,25.286666667,0.385507167,9.748191221
2,10000,0,0,2,4000,28,25.455833333,0.383637778,9.765819331
2,10000,0,0,2,4000,29,25.357500000,0.384942722,9.761185079
2,10000,0,0,2,4000,30,25.606666667,0.384128944,9.836261837
2,10000,0,0,2,4000,31,25.483888889,0.385707944,9.829338400
2,9000,0,0,0,0,3,25.590277778,0.385776944,9.872139169
2,9000,0,0,0,0,2,25.103888889,0.383176278,9.619214702
2,9000,0,0,0,0,1,25.315555556,0.386000278,9.771811477
2,9000,0,0,0,0,0,25.356388889,0.385748889,9.781198840
2,9000,0,0,0,0,4,25.499444444,0.383519111,9.779524267
2,9000,0,0,0,0,5,25.375555556,0.385178722,9.774124065
2,9000,0,0,0,0,6,25.272222222,0.384049722,9.705789924
2,9000,0,0,0,0,7,25.213333333,0.384632056,9.697856227
2,9000,0,0,0,0,8,25.297777778,0.384604000,9.729626524
2,9000,0,0,0,0,9,25.263055556,0.384419333,9.711606975
2,9000,0,0,0,0,10,25.453888889,0.384100444,9.776850035
2,9000,0,0,0,0,11,25.197777778,0.385403000,9.711299149
2,9000,0,0,0,0,12,25.413055556,0.385214667,9.789481725
2,9000,0,0,0,0,14,25.311666667,0.383911000,9.717427262
2,9000,0,0,0,0,13,25.394166667,0.386970778,9.826800426
2,9000,0,0,0,0,15,25.024166667,0.382582500,9.573808244
2,9000,0,0,0,0,16,25.678611111,0.385403222,9.896619464
2,9000,0,0,0,0,17,25.071388889,0.383908389,9.625116516
2,9000,0,0,0,0,18,25.586111111,0.385362333,9.859923479
2,9000,0,0,0,0,19,25.373333333,0.384657333,9.760038738
2,9000,0,0,0,0,20,25.453611111,0.385956833,9.823995141
2,9000,0,0,0,0,21,25.365277778,0.385199944,9.770703591
2,9000,0,0,0,0,22,25.688055556,0.384728278,9.882921373
2,9000,0,0,0,0,23,25.289722222,0.384360667,9.720374493
2,9000,0,0,0,0,24,25.644166667,0.384397056,9.857542159
2,9000,0,0,0,0,25,25.338611111,0.385072778,9.757209366
2,9000,0,0,0,0,26,25.478888889,0.385637167,9.825606521
2,9000,0,0,0,0,27,25.440833333,0.385778111,9.814516628
2,9000,0,0,0,0,28,25.498055556,0.383696722,9.783520340
2,9000,0,0,0,0,29,25.385833333,0.385249000,9.779866906
2,9000,0,0,0,0,30,25.708888889,0.384106222,9.874944189
2,9000,0,0,0,0,31,25.501944444,0.385988333,9.843453033
