mode,preempt_n,size_t,size_dir,load_t,fast_small_p,fast_big_p,work_wake,seed,time_h,energy_kwh,edp
5,1000000,0,0,999999,4,3,0,1,25.206666667,0.385718944,9.722688860
5,1000000,0,0,999999,4,3,0,3,25.595833333,0.385565000,9.868857479
5,1000000,0,0,999999,4,3,0,2,25.108055556,0.383318556,9.624383588
5,1000000,0,0,999999,4,3,0,0,25.280000000,0.385797500,9.752960800
5,1000000,0,0,999999,4,3,0,4,25.545555556,0.383438889,9.795159438
5,1000000,0,0,999999,4,3,0,5,25.302777778,0.385058944,9.743060903
5,1000000,0,0,999999,4,3,0,7,25.215555556,0.384626000,9.698558271
5,1000000,0,0,999999,4,3,0,6,25.349444444,0.384063444,9.735794948
5,1000000,0,0,999999,4,3,12000,1,25.192500000,0.385714833,9.717120939
5,1000000,0,0,999999,4,3,12000,0,25.281388889,0.385819222,9.754045798
5,1000000,0,0,999999,4,3,12000,2,24.998611111,0.383273778,9.581312120
5,1000000,0,0,999999,4,3,12000,3,25.595833333,0.385564778,9.868851791
5,1000000,0,0,999999,4,3,12000,4,25.498611111,0.383473667,9.778045898
5,1000000,0,0,999999,4,3,12000,5,25.326666667,0.385012556,9.751084657
5,1000000,0,0,999999,4,3,12000,6,25.346666667,0.384065722,9.734785839
5,1000000,0,0,999999,4,3,12000,7,25.221388889,0.384626056,9.700803324
5,1000000,0,0,1,3,3,0,0,24.481111111,0.788060611,19.292599383
5,1000000,0,0,1,3,3,0,2,24.134166667,0.351871444,8.492124085
5,1000000,0,0,1,3,3,0,1,24.629722222,0.502581444,12.378441371
5,1000000,0,0,1,3,3,0,3,24.670000000,0.354084389,8.735261874
5,1000000,0,0,1,3,3,0,5,24.517222222,0.354866722,8.700346288
5,1000000,0,0,1,3,3,0,6,24.311388889,0.788032278,19.158159162
5,1000000,0,0,1,3,3,0,4,24.770000000,0.352212444,8.724302249
5,1000000,0,0,1,3,3,0,7,24.517777778,0.353595167,8.669367720
5,1000000,0,0,1,3,3,12000,0,24.195833333,0.835659833,20.219486051
5,1000000,0,0,1,3,3,12000,2,24.216111111,0.352023167,8.524632118
5,1000000,0,0,1,3,3,12000,1,24.528611111,0.502261667,12.319781098
5,1000000,0,0,1,3,3,12000,3,24.755277778,0.353961444,8.762413880
5,1000000,0,0,1,3,3,12000,6,24.166111111,0.882948000,21.337419473
5,1000000,0,0,1,3,3,12000,4,24.873611111,0.352510167,8.768200798
5,1000000,0,0,1,3,3,12000,5,24.634166667,0.353498778,8.708147808
5,1000000,0,0,1,3,3,12000,7,24.436388889,0.353229500,8.631653429
5,1000000,12000,0,999999,4,3,0,0,25.169444444,0.385712833,9.708177730
5,1000000,12000,0,999999,4,3,0,1,25.244166667,0.385817333,9.739637066
5,1000000,12000,0,999999,4,3,0,2,25.354722222,0.383327833,9.719170734
5,1000000,12000,0,999999,4,3,0,3,25.560000000,0.385774556,9.860397640
5,1000000,12000,0,999999,4,3,0,4,25.608333333,0.383545833,9.821969549
5,1000000,12000,0,999999,4,3,0,5,25.303333333,0.385009778,9.742030744
5,1000000,12000,0,999999,4,3,0,7,25.033055556,0.384639944,9.628713098
5,1000000,12000,0,999999,4,3,0,6,25.266944444,0.384194278,9.707415472
5,1000000,12000,0,999999,4,3,12000,0,25.175000000,0.385707889,9.710196103
5,1000000,12000,0,999999,4,3,12000,1,25.236111111,0.385826278,9.736754816
5,1000000,12000,0,999999,4,3,12000,3,25.558055556,0.385782833,9.859859087
5,1000000,12000,0,999999,4,3,12000,2,25.153333333,0.383452556,9.645109947
5,1000000,12000,0,999999,4,3,12000,4,25.570000000,0.383413667,9.803887457
5,1000000,12000,0,999999,4,3,12000,5,25.300833333,0.385007556,9.741011995
5,1000000,12000,0,999999,4,3,12000,7,25.033055556,0.384639944,9.628713098
5,1000000,12000,0,999999,4,3,12000,6,25.226388889,0.384041333,9.687976024
5,1000000,12000,0,1,3,3,0,1,24.415000000,0.451728444,11.028949971
5,1000000,12000,0,1,3,3,0,0,24.430555556,0.700041333,17.102398685
5,1000000,12000,0,1,3,3,0,2,24.247222222,0.640231111,15.523826025
5,1000000,12000,0,1,3,3,0,3,24.898333333,0.354671722,8.830734764
5,1000000,12000,0,1,3,3,0,4,24.383333333,0.451336333,11.005084261
5,1000000,12000,0,1,3,3,0,5,24.675833333,0.354404667,8.745230487
5,1000000,12000,0,1,3,3,0,6,24.386388889,0.746651500,18.208133843
5,1000000,12000,0,1,3,3,0,7,24.295277778,0.783595111,19.037660890
5,1000000,12000,0,1,3,3,12000,0,24.303055556,0.699102333,16.990322846
5,1000000,12000,0,1,3,3,12000,1,24.501944444,0.796090778,19.505772010
5,1000000,12000,0,1,3,3,12000,2,24.507500000,0.832740667,20.408391888
5,1000000,12000,0,1,3,3,12000,3,24.806388889,0.354235722,8.787309084
5,1000000,12000,0,1,3,3,12000,4,24.867500000,0.352185500,8.757972921
5,1000000,12000,0,1,3,3,12000,5,24.355277778,0.353875056,8.618725277
5,1000000,12000,0,1,3,3,12000,6,24.318888889,0.745972778,18.141229097
5,1000000,12000,0,1,3,3,12000,7,24.341666667,0.784038222,19.084797059
5,256,0,0,999999,4,3,0,0,25.099166667,0.385853444,9.684599911
5,256,0,0,999999,4,3,0,1,25.248055556,0.385854778,9.742082866
5,256,0,0,999999,4,3,0,2,25.107222222,0.383339944,9.624601172
5,256,0,0,999999,4,3,0,3,25.656666667,0.385859222,9.899861445
5,256,0,0,999999,4,3,0,4,25.511944444,0.383511556,9.784125499
5,256,0,0,999999,4,3,0,5,25.300277778,0.385069389,9.742362503
5,256,0,0,999999,4,3,0,6,25.280000000,0.384186389,9.712231911
5,256,0,0,999999,4,3,0,7,25.147500000,0.384732556,9.675061941
5,256,0,0,999999,4,3,12000,0,25.099166667,0.385853444,9.684599911
5,256,0,0,999999,4,3,12000,1,25.213611111,0.385890111,9.729683193
5,256,0,0,999999,4,3,12000,2,25.283611111,0.383278722,9.690670160
5,256,0,0,999999,4,3,12000,3,25.549722222,0.385618222,9.852438462
5,256,0,0,999999,4,3,12000,4,25.536944444,0.383453056,9.792219377
5,256,0,0,999999,4,3,12000,5,25.405833333,0.385109778,9.784034829
5,256,0,0,999999,4,3,12000,6,25.298611111,0.384191000,9.719498701
5,256,0,0,1,3,3,0,0,24.426388889,0.354808333,8.666686331
5,256,0,0,999999,4,3,12000,7,25.150833333,0.384748333,9.676741207
5,256,0,0,1,3,3,0,1,24.723333333,0.355495056,8.789022757
5,256,0,0,1,3,3,0,2,24.141388889,0.352107389,8.500361406
5,256,0,0,1,3,3,0,3,24.798055556,0.353930389,8.776785446
5,256,0,0,1,3,3,0,4,24.878888889,0.876296889,21.801292932
5,256,0,0,1,3,3,0,5,24.713888889,0.353566556,8.738004569
5,256,0,0,1,3,3,0,6,24.200833333,0.352764500,8.537194870
5,256,0,0,1,3,3,12000,0,24.300000000,0.794865833,19.315239750
5,256,0,0,1,3,3,0,7,24.419444444,0.352603833,8.610389719
5,256,0,0,1,3,3,12000,1,24.528333333,0.354903889,8.705200888
5,256,0,0,1,3,3,12000,2,24.151111111,0.352393222,8.510687865
5,256,0,0,1,3,3,12000,4,24.562777778,0.492753556,12.103396084
5,256,0,0,1,3,3,12000,3,24.769166667,0.354352889,8.777025764
5,256,0,0,1,3,3,12000,5,24.547500000,0.353140556,8.668717788
5,256,0,0,1,3,3,12000,6,24.265277778,0.746091778,18.104124235
5,256,0,0,1,3,3,12000,7,24.297222222,0.352171778,8.556795945
5,256,12000,0,999999,4,3,0,0,25.310277778,0.385744889,9.763310289
5,256,12000,0,999999,4,3,0,1,25.257500000,0.386029833,9.750148515
5,256,12000,0,999999,4,3,0,2,25.172777778,0.383186778,9.645875604
5,256,12000,0,999999,4,3,0,3,25.600000000,0.385542167,9.869879467
5,256,12000,0,999999,4,3,0,4,25.467222222,0.383506056,9.766833940
5,256,12000,0,999999,4,3,0,5,25.375555556,0.385121944,9.772683297
5,256,12000,0,999999,4,3,0,6,25.274444444,0.383991167,9.705163409
5,256,12000,0,999999,4,3,0,7,25.223611111,0.384538667,9.699453785
5,256,12000,0,999999,4,3,12000,0,25.308333333,0.385755167,9.762820343
5,256,12000,0,999999,4,3,12000,1,25.259166667,0.386030111,9.750798915
5,256,12000,0,999999,4,3,12000,2,25.355555556,0.383135889,9.714623316
5,256,12000,0,999999,4,3,12000,3,25.616111111,0.385547889,9.876237560
5,256,12000,0,999999,4,3,12000,4,25.477777778,0.383497056,9.770652760
5,256,12000,0,999999,4,3,12000,5,25.375555556,0.385121944,9.772683297
5,256,12000,0,999999,4,3,12000,6,25.274444444,0.383991167,9.705163409
5,256,12000,0,999999,4,3,12000,7,25.228888889,0.384526611,9.701179147
5,256,12000,0,1,3,3,0,0,24.331111111,0.743535444,18.091043514
5,256,12000,0,1,3,3,0,1,24.536388889,0.453278556,11.121818914
5,256,12000,0,1,3,3,0,2,24.173333333,0.545608333,13.189172111
5,256,12000,0,1,3,3,0,3,24.657777778,0.354116778,8.731732814
5,256,12000,0,1,3,3,0,4,24.788055556,0.875540167,21.702938292
5,256,12000,0,1,3,3,0,5,24.459166667,0.354244000,8.664513037
5,256,12000,0,1,3,3,0,6,24.325833333,0.743408944,18.084042081
5,256,12000,0,1,3,3,0,7,24.423055556,0.352773444,8.615805432
5,256,12000,0,1,3,3,12000,0,24.373055556,0.742619833,18.099914454
5,256,12000,0,1,3,3,12000,1,24.585555556,0.453455611,11.148458119
5,256,12000,0,1,3,3,12000,2,24.345277778,0.834707667,20.321190008
5,256,12000,0,1,3,3,12000,3,24.767500000,0.354425556,8.778234947
5,256,12000,0,1,3,3,12000,4,24.644722222,0.830511556,20.467726589
5,256,12000,0,1,3,3,12000,6,24.158611111,0.352717611,8.521167599
5,256,12000,0,1,3,3,12000,5,24.597777778,0.353477222,8.694754162
5,256,12000,0,1,3,3,12000,7,24.336944444,0.786348556,19.137321111
